anonymous_user_id,role_category_x,device_type_x,auth_method,location_type,campus_zone,network_type,service_accessed,success,failure_reason,session_duration,academic_period_x,client_browser,client_os,role_category_y,device_type_y,academic_period_y,avg_key_dwell_time,avg_digraph_time,keystroke_rhythm_variance,typing_speed,pause_frequency,flight_time_consistency,avg_movement_speed,avg_click_duration,direction_change_frequency,curvature_metric
user_303e53fc20b0,undergraduate,desktop,0,1,1,0,0,True,,28,exam,0,1,graduate,tablet,exam,119.06,166.35,46.34,55.27,0.218,0.818,411.4,156.89,0.349,0.292
user_2d54c67a68ec,admin,mobile,3,1,2,0,1,True,,88,holiday,1,2,admin,mobile,holiday,81.52,216.19,22.74,43.41,0.189,0.915,366.83,155.7,0.395,0.405
user_db82ea2b078e,faculty,desktop,1,0,2,0,0,True,,80,regular_term,1,2,graduate,tablet,regular_term,100.88,201.73,53.31,72.33,0.081,0.786,350.17,151.79,0.138,0.454
user_586de42077c5,graduate,tablet,1,0,4,2,1,True,,22,holiday,2,1,faculty,laptop,holiday,85.66,239.01,29.57,50.5,0.196,0.845,330.42,119.57,0.137,0.55
user_2fe443cabe6b,faculty,mobile,1,0,2,0,0,False,,33,regular_term,2,2,admin,laptop,regular_term,106.88,248.79,23.89,72.15,0.28,0.884,380.37,140.42,0.285,0.312
user_7d2ad349e542,research,laptop,3,1,1,1,2,True,,70,regular_term,2,1,undergraduate,desktop,regular_term,88.1,175.09,21.58,59.3,0.203,0.877,568.75,103.56,0.107,0.457
user_a6ad53911fc0,undergraduate,mobile,1,1,1,1,3,True,,86,exam,1,1,admin,desktop,exam,88.23,172.95,51.58,80.24,0.199,0.818,344.73,174.95,0.121,0.354
user_a7209194b19d,faculty,tablet,3,0,1,0,2,True,,69,holiday,2,1,undergraduate,mobile,holiday,112.55,193.69,44.94,88.29,0.075,0.851,561.75,164.6,0.395,0.289
user_0f99fabbb1ef,undergraduate,tablet,2,0,2,2,1,True,,76,exam,0,2,research,laptop,exam,111.99,242.35,48.51,56.86,0.295,0.918,369.86,168.44,0.148,0.284
user_2fe1ca4d3baf,admin,mobile,1,0,2,2,2,True,,82,exam,0,1,research,desktop,exam,103.1,156.79,32.58,76.08,0.151,0.81,479.37,161.1,0.145,0.568
user_291d68154500,faculty,tablet,1,0,3,1,0,False,,26,exam,2,0,admin,tablet,exam,81.37,220.67,25.7,49.37,0.284,0.95,548.43,119.75,0.216,0.399
user_741d5e3435c1,graduate,laptop,0,0,2,0,1,True,,55,regular_term,2,2,faculty,laptop,regular_term,91.49,214.27,38.47,88.6,0.191,0.745,544.63,107.23,0.183,0.313
user_598fb2af8c8d,research,mobile,2,0,4,0,0,True,,24,regular_term,1,1,research,laptop,regular_term,119.6,180.15,40.52,75.88,0.181,0.842,504.5,158.93,0.374,0.278
user_cc18c1db2445,graduate,mobile,1,1,0,1,2,True,,76,holiday,2,0,faculty,tablet,holiday,105.38,198.33,24.59,70.85,0.281,0.843,396.3,151.64,0.112,0.507
user_34232a448d91,admin,laptop,2,0,4,0,1,True,,100,holiday,2,0,graduate,laptop,holiday,95.49,192.81,48.98,57.64,0.239,0.823,591.85,159.81,0.317,0.214
user_29a8341ec09b,faculty,desktop,1,1,1,1,0,True,,101,regular_term,1,2,graduate,desktop,regular_term,114.97,204.98,43.46,66.82,0.1,0.789,583.63,178.57,0.23,0.475
user_916d0f92000b,faculty,mobile,0,1,0,2,2,True,,9,holiday,1,1,undergraduate,mobile,holiday,80.46,168.19,48.42,82.13,0.293,0.752,363.61,177.45,0.315,0.359
user_9648f4765983,undergraduate,laptop,2,1,3,0,3,True,,39,exam,0,1,graduate,laptop,exam,103.01,221.84,52.8,77.32,0.06,0.71,338.11,161.01,0.101,0.585
user_2bb68381f821,research,mobile,0,0,0,2,2,True,,25,holiday,2,0,undergraduate,mobile,holiday,97.35,224.08,48.85,71.5,0.096,0.843,386.22,168.12,0.206,0.561
user_a23d9dfd51db,research,tablet,2,1,2,1,0,True,,32,exam,2,0,graduate,desktop,exam,87.92,249.73,25.37,79.02,0.209,0.845,310.42,107.41,0.117,0.203
user_e019ea6f2ce5,admin,desktop,3,1,2,0,3,True,,64,holiday,1,0,admin,laptop,holiday,84.6,199.74,23.45,60.45,0.115,0.84,394.09,172.12,0.252,0.598
user_2812389423c0,admin,mobile,1,0,4,0,2,True,,64,regular_term,0,1,undergraduate,mobile,regular_term,97.51,200.41,43.04,48.92,0.25,0.888,572.22,162.33,0.3,0.299
user_6f183c5a15f3,faculty,desktop,1,1,3,1,1,True,,80,exam,1,0,research,mobile,exam,112.89,218.61,35.97,56.59,0.209,0.831,332.87,130.2,0.34,0.472
user_2a1c2df08735,graduate,desktop,1,0,1,1,1,True,,39,exam,1,1,research,laptop,exam,117.99,171.23,37.39,80.36,0.159,0.868,424.28,132.16,0.12,0.215
user_d9dcae419d97,research,desktop,3,1,0,0,1,True,,81,holiday,2,2,research,mobile,holiday,84.66,167.32,29.87,88.52,0.132,0.816,563.95,129.85,0.392,0.476
user_497a5e97844a,research,desktop,0,0,4,1,3,True,,19,exam,2,2,research,tablet,exam,95.92,233.18,41.66,73.87,0.056,0.938,593.27,130.69,0.337,0.247
user_72132a41af77,graduate,tablet,0,1,1,2,0,False,,115,holiday,0,2,graduate,desktop,holiday,118.13,154.3,27.78,78.53,0.095,0.828,395.23,129.38,0.353,0.406
user_518fc8b3768a,graduate,laptop,0,1,3,2,2,True,,26,exam,0,0,graduate,desktop,exam,103.94,225.21,38.27,52.13,0.21,0.765,303.04,144.16,0.25,0.513
user_314b675eac38,research,desktop,1,0,4,2,1,True,,21,holiday,1,1,graduate,desktop,holiday,95.95,158.08,43.14,69.13,0.255,0.939,578.12,114.1,0.193,0.316
user_5dae55bf2517,admin,mobile,1,0,0,2,0,False,,82,regular_term,2,2,faculty,tablet,regular_term,94.61,155.0,24.88,69.76,0.201,0.931,528.13,159.7,0.399,0.319
user_ddf6320af9a4,graduate,desktop,2,0,3,1,1,False,,23,exam,1,2,undergraduate,desktop,exam,99.51,157.71,32.22,89.46,0.218,0.71,371.54,167.39,0.316,0.517
user_79f7731d0699,admin,tablet,2,1,0,1,0,True,,86,regular_term,2,1,graduate,mobile,regular_term,101.51,174.61,41.24,64.96,0.204,0.703,408.93,120.69,0.346,0.358
user_3dc3ffdfd7d8,faculty,mobile,0,1,3,1,0,True,,92,exam,0,1,faculty,desktop,exam,85.63,232.64,35.2,48.87,0.232,0.782,423.83,179.47,0.385,0.265
user_ea4dcc3dda11,admin,mobile,2,0,1,0,1,True,,67,exam,0,2,undergraduate,tablet,exam,119.01,218.01,47.72,60.77,0.296,0.725,384.1,102.75,0.107,0.435
user_7712c4aa2bc8,faculty,mobile,0,1,0,0,2,True,,58,exam,2,2,research,desktop,exam,90.36,219.43,44.94,49.68,0.21,0.722,372.48,141.83,0.176,0.326
user_5973cf7c00b2,research,desktop,3,0,0,2,3,True,,16,holiday,1,2,admin,laptop,holiday,117.01,229.72,49.93,65.95,0.257,0.735,390.77,145.97,0.283,0.573
user_8ec66cb2e98f,faculty,tablet,0,1,2,0,3,True,,70,regular_term,0,0,graduate,desktop,regular_term,114.43,165.92,27.86,87.27,0.158,0.856,504.99,120.51,0.222,0.237
user_1acf2d018429,faculty,tablet,3,0,3,2,1,False,,119,regular_term,2,1,graduate,laptop,regular_term,102.39,150.02,28.18,67.61,0.076,0.75,351.19,144.28,0.283,0.551
user_41720e6fd9fb,faculty,laptop,0,1,2,2,2,True,,78,holiday,2,0,faculty,tablet,holiday,94.48,168.09,22.84,54.61,0.134,0.768,519.67,163.54,0.375,0.565
user_f642fd67ce95,graduate,desktop,0,1,0,0,1,False,,55,exam,1,2,faculty,laptop,exam,116.1,233.04,52.03,66.92,0.211,0.796,423.03,121.03,0.177,0.364
user_719a9014e006,faculty,laptop,1,0,3,1,2,True,,51,regular_term,2,2,admin,laptop,regular_term,83.33,233.38,51.55,81.12,0.158,0.798,490.82,119.18,0.214,0.308
user_ecaf84d2574b,undergraduate,tablet,1,1,2,2,1,True,,92,holiday,0,1,graduate,laptop,holiday,108.08,215.22,27.27,63.19,0.159,0.827,483.76,133.94,0.137,0.271
user_cca431ec23a4,admin,tablet,1,0,0,1,1,True,,88,exam,0,2,admin,laptop,exam,87.88,209.44,55.52,78.52,0.284,0.796,440.91,177.53,0.38,0.591
user_f17652408f84,research,desktop,2,0,1,1,3,True,,91,regular_term,2,2,admin,desktop,regular_term,93.8,209.53,52.9,47.56,0.176,0.777,433.43,174.67,0.396,0.412
user_5df8aa70a0ac,graduate,desktop,3,1,1,0,2,True,,96,exam,0,1,faculty,desktop,exam,108.0,222.07,50.69,44.74,0.281,0.915,476.17,157.48,0.122,0.54
user_a47ba141612e,graduate,laptop,2,1,3,2,0,True,,81,holiday,2,1,faculty,mobile,holiday,93.18,196.76,58.56,63.82,0.276,0.946,397.36,117.12,0.324,0.432
user_6483705e4a7f,graduate,mobile,1,0,0,0,3,True,,63,holiday,0,1,graduate,tablet,holiday,105.02,241.56,49.44,88.48,0.174,0.757,597.4,131.26,0.156,0.427
user_a2d89fe7b3ec,graduate,desktop,3,1,1,1,1,True,,114,holiday,1,0,graduate,mobile,holiday,118.04,204.62,48.46,48.4,0.141,0.931,490.39,100.19,0.157,0.527
user_c136d5a1a0bd,faculty,mobile,0,0,1,1,2,True,,113,regular_term,2,2,research,desktop,regular_term,115.53,228.58,38.29,80.99,0.136,0.783,386.09,102.19,0.321,0.219
user_5e2ca7147b24,admin,tablet,3,1,1,1,3,True,,56,regular_term,0,1,research,laptop,regular_term,113.7,188.87,50.0,59.43,0.105,0.867,513.5,127.81,0.303,0.234
user_68a3a75365c3,faculty,tablet,1,1,3,0,3,True,,94,exam,0,0,research,tablet,exam,86.13,247.38,54.34,53.56,0.227,0.71,561.73,151.68,0.333,0.578
user_fab987bab615,faculty,tablet,0,0,1,0,2,False,,49,regular_term,0,1,graduate,laptop,regular_term,80.71,162.29,47.5,80.43,0.205,0.756,515.46,141.4,0.18,0.597
user_c7b09a0ed617,admin,laptop,1,0,1,0,1,True,,106,exam,2,1,faculty,tablet,exam,104.04,234.72,27.58,41.49,0.257,0.771,581.68,116.4,0.152,0.31
user_c45100077750,research,laptop,1,1,1,0,0,True,,54,holiday,1,0,graduate,laptop,holiday,115.08,196.36,30.86,57.84,0.175,0.817,528.13,122.39,0.191,0.293
user_96310ebdf0f0,research,mobile,1,0,0,0,2,True,,88,regular_term,0,1,faculty,mobile,regular_term,91.11,193.46,46.21,53.65,0.111,0.774,443.24,160.81,0.161,0.481
user_83df0487ba0a,research,mobile,0,1,3,1,3,True,,88,exam,2,1,faculty,laptop,exam,110.51,234.65,48.32,89.71,0.152,0.738,552.45,170.62,0.244,0.254
user_a88260a0909c,undergraduate,tablet,3,0,3,2,1,True,,101,regular_term,2,0,undergraduate,laptop,regular_term,102.1,180.7,40.35,62.41,0.297,0.776,468.78,177.7,0.372,0.369
user_0afc1ba22ace,faculty,desktop,2,0,0,2,0,True,,83,exam,0,1,faculty,tablet,exam,97.55,199.42,40.56,71.84,0.178,0.791,318.62,163.46,0.346,0.359
user_5c45ee91247c,admin,laptop,3,1,2,0,2,True,,35,holiday,1,1,graduate,laptop,holiday,94.0,248.49,46.44,62.68,0.117,0.886,511.82,175.22,0.149,0.435
user_27a264482bb2,undergraduate,tablet,2,1,0,2,2,True,,93,holiday,2,2,faculty,laptop,holiday,96.02,184.14,53.86,83.45,0.062,0.944,346.0,114.88,0.322,0.349
user_92ff235588e5,graduate,desktop,3,1,0,2,1,True,,70,regular_term,0,2,graduate,mobile,regular_term,100.23,186.62,56.49,88.68,0.208,0.815,411.85,156.44,0.199,0.322
user_7e8299fef4b7,faculty,mobile,1,0,2,0,2,True,,84,exam,0,0,undergraduate,tablet,exam,85.74,236.13,53.35,50.46,0.143,0.826,355.21,154.88,0.168,0.432
user_9c71d97b69f7,research,laptop,0,0,1,1,3,True,,111,holiday,1,0,research,desktop,holiday,94.5,225.46,42.18,68.88,0.159,0.93,459.78,110.25,0.386,0.53
user_f797b3fa505c,faculty,mobile,3,1,3,2,0,True,,11,regular_term,1,1,undergraduate,tablet,regular_term,105.55,208.72,38.02,43.48,0.225,0.769,598.99,133.49,0.127,0.554
user_54ce683c0aba,research,mobile,3,1,3,0,0,False,,105,holiday,1,2,undergraduate,tablet,holiday,105.45,225.78,36.55,67.01,0.166,0.858,365.34,110.47,0.215,0.265
user_e15c86d85695,undergraduate,tablet,0,1,4,2,3,True,,27,regular_term,0,0,admin,tablet,regular_term,100.31,170.25,44.65,83.94,0.241,0.839,341.64,120.92,0.167,0.26
user_15a2ef488e25,graduate,desktop,2,0,0,2,1,True,,91,regular_term,0,1,graduate,mobile,regular_term,80.92,221.81,29.52,81.5,0.128,0.874,382.64,101.53,0.29,0.368
user_52f4aa4887c3,admin,laptop,2,1,3,1,3,True,,102,regular_term,0,0,faculty,laptop,regular_term,107.24,189.88,24.97,47.77,0.169,0.813,537.1,118.76,0.236,0.478
user_21f7eade9db0,graduate,desktop,0,0,4,2,0,True,,48,holiday,1,0,graduate,tablet,holiday,85.37,215.38,36.58,83.28,0.294,0.701,581.04,107.33,0.222,0.418
user_ac12ff2643f6,research,laptop,1,1,1,0,1,True,,56,exam,0,0,undergraduate,desktop,exam,93.21,191.97,44.7,68.54,0.258,0.723,415.36,122.98,0.311,0.402
user_3207b20cf73e,graduate,laptop,2,0,0,1,3,False,,81,regular_term,2,2,graduate,laptop,regular_term,95.01,231.47,39.35,60.79,0.108,0.807,429.41,121.49,0.241,0.236
user_cf05df7b1088,faculty,laptop,2,0,4,2,0,True,,92,regular_term,0,2,admin,mobile,regular_term,95.13,219.26,32.23,89.87,0.059,0.863,320.09,101.25,0.134,0.262
user_bb40eae0a082,graduate,laptop,3,0,4,0,3,True,,41,holiday,0,0,graduate,mobile,holiday,93.5,173.06,53.85,40.76,0.168,0.789,350.81,136.79,0.245,0.55
user_5ac3f5b24158,undergraduate,laptop,2,1,0,2,1,True,,54,exam,2,0,faculty,desktop,exam,85.72,157.66,47.43,78.3,0.079,0.78,473.68,130.49,0.202,0.577
user_cf78eacc70fb,undergraduate,desktop,1,1,3,2,3,True,,66,exam,2,0,graduate,tablet,exam,99.26,160.35,47.15,89.9,0.261,0.937,354.21,121.95,0.298,0.546
user_1ac854f393d6,faculty,mobile,0,0,1,2,1,True,,80,exam,1,2,faculty,laptop,exam,96.15,231.25,52.49,54.21,0.179,0.739,460.07,150.05,0.353,0.231
user_81041c1fa840,faculty,desktop,3,0,3,2,0,True,,71,holiday,0,0,faculty,mobile,holiday,112.2,234.18,54.9,89.67,0.255,0.943,575.43,102.77,0.356,0.471
user_608948c70e35,graduate,tablet,0,0,2,1,2,False,,98,regular_term,0,1,admin,laptop,regular_term,97.42,187.12,26.79,58.29,0.278,0.854,327.26,150.12,0.397,0.324
user_593967d75bd3,graduate,tablet,3,0,1,0,1,True,,104,holiday,2,2,graduate,mobile,holiday,82.82,248.78,51.09,48.55,0.22,0.926,348.47,102.09,0.383,0.258
user_2cccc1e49845,research,desktop,3,1,2,0,2,True,,54,regular_term,1,1,undergraduate,desktop,regular_term,94.58,156.96,20.44,67.95,0.071,0.928,300.11,103.06,0.111,0.533
user_a0e30a93e94e,faculty,desktop,2,1,3,1,1,True,,111,holiday,1,2,undergraduate,tablet,holiday,84.63,217.15,49.77,60.46,0.268,0.892,358.19,147.13,0.309,0.455
user_8e7b398c7510,faculty,mobile,1,1,1,2,3,True,,27,holiday,0,2,research,desktop,holiday,109.08,239.22,26.15,64.54,0.119,0.772,528.13,131.85,0.338,0.228
user_b254467fa2fb,faculty,laptop,1,0,0,0,2,True,,98,holiday,2,2,faculty,desktop,holiday,92.05,184.39,46.31,69.21,0.217,0.879,541.23,140.53,0.247,0.435
user_232ac5e69357,undergraduate,mobile,2,0,1,0,1,True,,45,exam,0,0,admin,desktop,exam,82.02,163.59,55.47,77.26,0.278,0.87,375.41,109.59,0.209,0.545
user_95b4fde5ebd5,faculty,desktop,1,1,0,2,2,True,,51,exam,2,1,faculty,mobile,exam,87.84,223.73,52.36,74.53,0.217,0.855,502.07,121.01,0.244,0.224
user_e5e69005fe04,graduate,desktop,0,1,3,1,3,True,,80,holiday,0,1,undergraduate,laptop,holiday,112.93,168.76,23.99,40.28,0.12,0.758,433.84,169.24,0.175,0.555
user_3e3ec62e0292,research,desktop,0,0,4,2,3,True,,93,holiday,2,2,graduate,desktop,holiday,97.82,182.79,32.6,89.24,0.097,0.883,322.87,142.34,0.205,0.429
user_c143151e78e8,faculty,tablet,2,0,3,1,1,True,,62,regular_term,0,2,undergraduate,laptop,regular_term,105.75,247.25,38.4,46.24,0.296,0.923,593.12,127.49,0.215,0.281
user_6d6ff55f78af,undergraduate,tablet,1,0,4,0,0,True,,67,exam,0,1,research,desktop,exam,107.28,238.26,45.63,89.63,0.261,0.872,577.75,125.05,0.187,0.344
user_42e14253ad5b,faculty,mobile,1,1,3,1,1,True,,103,exam,1,1,faculty,desktop,exam,82.2,171.13,37.35,85.36,0.182,0.824,415.82,147.14,0.198,0.53
user_108cfb463deb,faculty,laptop,0,1,1,1,2,True,,35,exam,1,0,admin,mobile,exam,90.45,241.53,28.7,44.59,0.083,0.839,353.49,101.76,0.149,0.285
user_acb5938eadf4,admin,mobile,2,0,2,1,0,True,,90,regular_term,0,2,research,desktop,regular_term,97.53,161.01,37.74,76.17,0.108,0.9,403.81,123.42,0.301,0.235
user_53b99b98a26c,admin,laptop,2,1,2,2,2,True,,32,exam,1,2,research,mobile,exam,85.34,154.36,32.49,45.45,0.166,0.934,453.03,112.56,0.213,0.223
user_6adf04e7423a,undergraduate,tablet,0,0,4,1,3,True,,106,regular_term,0,0,research,tablet,regular_term,106.31,176.81,33.62,79.24,0.149,0.807,447.31,136.61,0.193,0.535
user_68cccf2e0ae1,research,desktop,1,1,0,2,1,True,,57,holiday,2,0,research,tablet,holiday,119.76,234.32,28.79,64.91,0.216,0.93,471.46,139.15,0.211,0.345
user_3bb31ab3b43a,faculty,tablet,2,0,4,0,3,False,,13,exam,2,1,graduate,desktop,exam,85.82,174.66,48.96,64.99,0.129,0.756,365.79,179.55,0.168,0.376
user_3b7d1ab406f7,graduate,mobile,0,0,3,1,0,True,,59,holiday,2,0,faculty,laptop,holiday,87.05,180.25,55.0,45.96,0.195,0.881,354.75,143.86,0.393,0.435
user_98c8098c4172,admin,tablet,2,0,3,2,2,True,,93,regular_term,0,0,graduate,tablet,regular_term,110.6,163.41,39.69,59.57,0.21,0.719,396.01,153.28,0.18,0.268
user_c6dbc2889b40,graduate,laptop,1,0,2,0,3,False,,48,exam,1,1,research,tablet,exam,83.66,243.14,49.3,55.57,0.279,0.776,500.43,143.28,0.353,0.499
user_dea3e8e6b2b4,faculty,laptop,3,1,4,0,1,True,,77,exam,1,2,undergraduate,tablet,exam,93.09,230.96,58.88,82.22,0.183,0.916,420.43,140.26,0.35,0.485
user_ab069fb6cdcd,admin,tablet,3,0,3,2,2,False,,51,holiday,2,1,graduate,desktop,holiday,99.93,222.49,41.9,88.14,0.266,0.926,428.71,119.15,0.31,0.378
user_518d4d226a5f,admin,desktop,1,0,0,0,1,True,,95,exam,1,1,faculty,laptop,exam,112.87,183.13,54.32,49.61,0.148,0.709,498.2,148.76,0.202,0.403
user_e014e58e8085,research,tablet,1,1,0,0,3,True,,42,holiday,1,1,research,tablet,holiday,100.24,173.77,57.48,55.59,0.077,0.841,458.93,108.66,0.182,0.366
user_833f6997a489,faculty,laptop,0,1,1,0,0,True,,57,regular_term,0,2,undergraduate,desktop,regular_term,108.18,185.04,48.42,81.57,0.211,0.923,326.27,134.1,0.357,0.557
user_18b28a5b2dcd,research,tablet,2,0,0,0,1,True,,72,exam,1,2,faculty,mobile,exam,103.74,211.79,22.53,75.12,0.15,0.703,547.6,155.89,0.213,0.212
user_53811f616b09,faculty,desktop,0,0,3,0,0,True,,15,exam,2,2,research,laptop,exam,117.98,156.42,29.36,67.41,0.135,0.906,463.62,132.23,0.293,0.256
user_38e9c1df57d7,graduate,laptop,1,1,0,2,0,True,,110,regular_term,0,0,graduate,mobile,regular_term,95.64,226.41,28.59,58.59,0.242,0.828,379.95,162.74,0.258,0.23
user_4e731fa6b6e0,graduate,laptop,1,0,1,0,3,True,,38,holiday,1,1,undergraduate,laptop,holiday,106.73,155.93,44.45,87.33,0.204,0.771,305.14,144.06,0.354,0.23
user_450878af8faf,research,desktop,0,1,2,1,1,True,,91,exam,1,0,admin,tablet,exam,81.91,227.57,42.76,88.16,0.243,0.859,372.31,125.8,0.369,0.276
user_e2f5f7ff3095,admin,laptop,3,0,2,0,3,True,,77,holiday,0,2,research,mobile,holiday,85.56,225.25,25.45,66.72,0.135,0.752,487.48,126.67,0.335,0.306
user_af318a6ad1d7,research,tablet,0,1,2,2,0,True,,49,regular_term,0,2,graduate,desktop,regular_term,83.71,186.66,49.32,63.44,0.247,0.937,457.66,178.99,0.227,0.599
user_65cbe79d5cd3,undergraduate,mobile,3,1,3,0,2,True,,96,holiday,1,0,admin,tablet,holiday,113.39,219.22,52.18,57.37,0.063,0.917,323.11,104.9,0.316,0.472
user_b5e2f58992a9,graduate,desktop,3,0,4,0,0,True,,25,regular_term,1,0,faculty,mobile,regular_term,81.41,160.89,46.94,78.09,0.241,0.764,422.35,123.99,0.346,0.515
user_8167df723a34,admin,tablet,1,1,1,0,1,True,,58,regular_term,2,0,graduate,desktop,regular_term,101.16,236.67,40.68,86.54,0.173,0.824,432.88,144.31,0.266,0.322
user_ba7e22c2696f,graduate,mobile,3,1,3,2,0,True,,67,regular_term,0,0,graduate,desktop,regular_term,111.04,175.22,52.48,46.41,0.202,0.858,568.1,166.99,0.197,0.577
user_55854fea02ff,admin,tablet,1,1,2,1,2,True,,14,holiday,2,0,admin,mobile,holiday,104.74,244.37,47.39,85.95,0.072,0.712,576.17,160.49,0.335,0.577
user_7872ea8b5d81,graduate,tablet,3,0,3,1,3,True,,46,exam,2,1,graduate,mobile,exam,112.46,157.52,58.55,80.93,0.092,0.916,309.83,136.36,0.315,0.397
user_47209a43d36f,undergraduate,desktop,0,0,2,1,0,True,,47,exam,2,1,admin,desktop,exam,113.66,196.52,45.34,51.92,0.115,0.778,498.88,110.52,0.342,0.505
user_6cc4da3354b8,research,laptop,0,1,0,0,3,True,,57,holiday,0,1,admin,mobile,holiday,101.9,155.09,53.46,54.46,0.203,0.753,466.18,176.96,0.309,0.357
user_b8e7ac826bbc,faculty,desktop,0,1,1,1,2,True,,114,regular_term,1,2,graduate,desktop,regular_term,99.44,163.83,47.44,67.21,0.084,0.942,420.67,162.54,0.228,0.342
user_bc28b0d2955d,undergraduate,tablet,3,1,2,1,2,True,,65,regular_term,0,2,undergraduate,desktop,regular_term,92.13,185.99,40.69,46.1,0.279,0.921,490.57,105.28,0.156,0.474
user_ccf75c60dbaf,admin,tablet,1,1,0,2,1,True,,5,holiday,0,0,research,desktop,holiday,107.36,241.31,43.27,65.85,0.085,0.778,548.71,153.89,0.157,0.487
user_89106bea6541,admin,mobile,0,0,2,2,0,True,,64,holiday,1,0,graduate,laptop,holiday,94.12,207.87,31.14,53.78,0.259,0.707,464.88,116.87,0.196,0.522
user_27d3a05f9dc5,graduate,laptop,2,1,4,1,3,True,,20,exam,1,2,faculty,tablet,exam,118.75,157.79,31.92,48.16,0.084,0.753,525.7,175.1,0.113,0.286
user_ade22e61a71d,undergraduate,desktop,1,0,1,0,0,True,,81,regular_term,0,0,admin,laptop,regular_term,111.35,174.96,24.0,73.02,0.079,0.748,405.3,139.76,0.239,0.263
user_b9be5bd007d2,graduate,tablet,2,0,0,2,0,True,,21,holiday,2,2,undergraduate,desktop,holiday,87.62,167.81,33.86,57.04,0.063,0.95,396.67,143.56,0.245,0.331
user_f96f8615bfd1,research,laptop,3,1,3,1,2,True,,119,regular_term,1,1,undergraduate,laptop,regular_term,84.95,162.73,32.2,41.43,0.222,0.769,516.75,158.12,0.321,0.348
user_7cbe2fee1b34,admin,laptop,0,0,0,0,1,True,,104,exam,0,2,admin,laptop,exam,109.6,187.03,58.66,75.8,0.064,0.935,470.64,135.6,0.326,0.324
user_4825e1e0d810,admin,tablet,1,0,2,2,2,True,,39,holiday,1,1,graduate,laptop,holiday,110.85,211.08,29.71,41.63,0.281,0.8,385.92,110.68,0.306,0.48
user_2820ae946e8b,faculty,mobile,2,0,0,2,2,True,,26,exam,2,2,admin,mobile,exam,109.05,198.36,44.32,42.17,0.207,0.774,426.47,161.8,0.358,0.316
user_db053c1a69ca,undergraduate,mobile,1,0,0,0,1,True,,24,exam,2,2,undergraduate,mobile,exam,112.81,186.96,24.47,56.38,0.163,0.925,453.65,163.15,0.319,0.407
user_b8b8e73e5a10,research,laptop,2,0,3,1,1,True,,96,regular_term,0,0,research,mobile,regular_term,80.2,181.56,48.84,59.59,0.172,0.812,550.52,103.05,0.224,0.269
user_7d1336d198e3,admin,laptop,1,0,1,0,1,False,,85,holiday,0,2,graduate,mobile,holiday,102.09,214.0,55.27,54.75,0.286,0.915,331.07,128.02,0.23,0.384
user_9273c82c3807,admin,tablet,3,1,4,0,2,True,,13,exam,1,2,graduate,mobile,exam,112.11,169.77,48.06,77.82,0.11,0.715,594.33,131.5,0.129,0.279
user_149499b23862,research,desktop,3,0,3,0,2,True,,46,regular_term,0,1,faculty,desktop,regular_term,115.77,195.37,21.16,77.47,0.076,0.832,501.11,105.42,0.141,0.275
user_e8c846ae9334,graduate,tablet,0,1,2,0,2,True,,51,exam,0,0,research,tablet,exam,117.72,166.86,27.63,52.0,0.219,0.743,511.4,153.08,0.237,0.561
user_c9d9f7f93915,graduate,desktop,3,0,0,0,1,True,,46,holiday,2,0,research,laptop,holiday,85.71,227.64,49.08,77.21,0.163,0.776,496.35,150.0,0.326,0.322
user_2dd1da63c282,research,laptop,2,1,2,2,3,True,,47,holiday,2,1,admin,desktop,holiday,107.51,165.89,45.32,58.32,0.107,0.821,343.91,142.55,0.305,0.202
user_f4c97cdf21bd,undergraduate,desktop,0,1,4,0,1,True,,10,regular_term,1,1,undergraduate,tablet,regular_term,102.93,171.45,54.58,70.48,0.051,0.94,433.36,144.5,0.237,0.528
user_ffec073cf31c,admin,desktop,0,1,0,2,3,True,,98,regular_term,1,0,research,mobile,regular_term,109.06,157.89,56.64,78.59,0.281,0.734,512.02,125.43,0.261,0.597
user_cf0ea374b8e6,graduate,mobile,3,1,1,2,0,True,,30,holiday,1,2,research,desktop,holiday,103.06,166.72,34.87,52.64,0.205,0.875,573.15,160.24,0.244,0.511
user_ff24b4b85b64,research,mobile,1,0,2,2,3,True,,70,regular_term,0,0,faculty,mobile,regular_term,102.99,223.47,30.01,72.13,0.262,0.823,401.57,151.37,0.17,0.399
user_d0191e6fa0f9,research,desktop,0,0,2,1,1,True,,74,exam,0,1,graduate,mobile,exam,112.98,211.02,48.22,55.56,0.073,0.729,511.13,149.13,0.312,0.557
user_23b54e8a0d50,graduate,mobile,2,0,3,2,2,True,,90,regular_term,0,1,faculty,mobile,regular_term,117.4,211.53,39.49,67.35,0.193,0.927,530.91,134.73,0.215,0.311
user_52ddad0a55f2,admin,tablet,0,0,1,2,3,True,,53,regular_term,2,0,faculty,tablet,regular_term,107.56,219.91,21.14,75.26,0.216,0.872,354.9,126.75,0.373,0.26
user_e1fd83174a01,research,mobile,2,1,3,2,1,False,,97,regular_term,2,1,graduate,tablet,regular_term,117.34,173.71,51.7,64.41,0.249,0.83,508.57,174.18,0.148,0.219
user_7e0b4852ca46,research,desktop,2,1,0,0,0,True,,39,holiday,0,2,faculty,desktop,holiday,108.25,174.18,38.57,46.27,0.123,0.789,324.26,129.27,0.174,0.478
user_c39e0524ddaf,research,mobile,2,0,0,1,0,True,,93,regular_term,0,0,undergraduate,tablet,regular_term,84.71,160.84,44.13,62.57,0.197,0.91,301.14,125.17,0.116,0.38
user_9e551249f331,graduate,tablet,0,0,1,0,2,True,,118,exam,0,0,graduate,desktop,exam,115.68,240.4,25.11,77.74,0.266,0.93,542.87,175.12,0.244,0.532
user_025070dc3dfa,research,tablet,0,1,4,1,1,True,,95,holiday,1,2,admin,desktop,holiday,112.85,154.57,24.11,80.73,0.298,0.747,369.71,122.55,0.179,0.396
user_3ec0997af77c,graduate,mobile,0,1,3,0,2,True,,9,exam,2,0,admin,mobile,exam,97.51,189.49,49.04,81.95,0.112,0.794,406.34,174.51,0.151,0.589
user_9dad064eb5b4,admin,laptop,0,1,1,2,1,True,,7,regular_term,2,1,faculty,mobile,regular_term,99.71,225.45,38.97,60.99,0.214,0.886,478.42,159.51,0.115,0.592
user_c083f18954c9,undergraduate,mobile,2,1,0,1,2,True,,12,regular_term,0,2,admin,tablet,regular_term,100.41,223.92,58.5,61.81,0.221,0.856,300.64,136.99,0.244,0.541
user_36b8d2851aba,graduate,mobile,1,0,2,0,0,False,,108,exam,1,1,graduate,mobile,exam,89.88,159.92,51.1,48.11,0.207,0.884,382.35,137.97,0.15,0.376
user_78eab59da989,admin,laptop,1,0,2,2,3,True,,95,holiday,0,1,faculty,mobile,holiday,110.86,180.36,21.78,48.18,0.057,0.821,375.86,174.58,0.395,0.429
user_56bf11b7d9b8,faculty,mobile,0,0,3,1,0,True,,12,regular_term,0,1,faculty,laptop,regular_term,96.38,210.69,29.72,82.24,0.194,0.724,592.44,170.61,0.349,0.387
user_052a0f3b378a,research,mobile,0,1,1,0,3,True,,81,regular_term,1,0,admin,desktop,regular_term,113.87,228.84,47.02,86.38,0.145,0.711,416.97,110.48,0.24,0.566
user_0f028612d817,research,tablet,0,1,0,2,0,True,,74,regular_term,1,2,admin,tablet,regular_term,105.69,167.17,51.99,73.58,0.198,0.701,434.97,173.34,0.274,0.368
user_a7622543f127,faculty,desktop,2,1,1,2,3,True,,54,exam,0,2,faculty,laptop,exam,115.13,215.07,44.57,67.4,0.124,0.858,514.81,164.86,0.153,0.211
user_5e5e4e25d3db,admin,desktop,3,1,3,1,0,True,,95,regular_term,2,0,undergraduate,desktop,regular_term,80.81,163.76,54.69,56.21,0.109,0.785,526.13,155.18,0.258,0.551
user_7c3985473205,graduate,laptop,3,0,0,2,1,True,,21,holiday,0,2,admin,laptop,holiday,92.86,201.2,56.71,47.86,0.226,0.71,529.0,175.65,0.13,0.23
user_25dd7a5e9906,research,tablet,1,0,4,1,3,True,,19,exam,0,1,admin,laptop,exam,97.11,238.59,32.89,47.03,0.133,0.899,584.88,149.26,0.171,0.517
user_0f3a641a86b2,admin,tablet,0,1,1,1,0,True,,14,holiday,0,1,admin,tablet,holiday,85.4,160.45,42.6,66.48,0.184,0.866,540.06,146.25,0.13,0.342
user_31d58990a732,research,laptop,3,0,0,0,2,True,,111,regular_term,0,0,graduate,tablet,regular_term,94.55,182.28,37.6,58.46,0.119,0.848,538.66,126.58,0.341,0.31
user_300390ca50ad,graduate,tablet,3,1,3,2,1,True,,60,holiday,1,0,undergraduate,laptop,holiday,112.55,211.19,35.49,84.78,0.219,0.938,327.16,173.72,0.18,0.568
user_122df9fc14db,graduate,mobile,0,1,1,1,3,False,,66,exam,0,1,admin,mobile,exam,113.0,210.96,55.63,71.68,0.123,0.844,342.57,115.73,0.259,0.583
user_9f86b6cfb2db,faculty,mobile,1,0,1,1,3,True,,8,exam,1,0,research,mobile,exam,87.77,197.38,47.41,79.54,0.24,0.874,360.51,125.74,0.205,0.331
user_8c940052fa3f,admin,desktop,2,1,0,1,2,True,,59,exam,0,2,research,tablet,exam,85.3,249.8,49.18,62.65,0.074,0.949,302.77,178.95,0.371,0.564
user_89027dfcaaa0,admin,tablet,2,1,3,2,1,True,,41,regular_term,2,2,admin,laptop,regular_term,106.14,178.2,37.6,50.4,0.267,0.753,402.22,154.16,0.15,0.493
user_aa3c8a33eb50,undergraduate,laptop,0,1,4,2,1,True,,34,holiday,2,1,graduate,laptop,holiday,103.78,177.6,43.11,86.13,0.271,0.897,558.56,172.5,0.382,0.211
user_4a9aa2bc0139,admin,tablet,0,1,0,0,0,True,,107,regular_term,1,1,research,desktop,regular_term,101.14,178.89,31.73,85.5,0.182,0.931,340.06,123.64,0.357,0.255
user_5f29e56b458c,graduate,mobile,2,0,2,1,3,True,,77,holiday,0,2,faculty,desktop,holiday,100.11,208.91,40.67,60.76,0.127,0.766,495.62,132.18,0.266,0.408
user_32a6526049c4,graduate,laptop,3,0,0,1,3,True,,82,holiday,2,1,faculty,mobile,holiday,115.04,165.21,57.61,74.13,0.127,0.762,389.14,123.83,0.233,0.266
user_dbe64426d8b2,faculty,desktop,2,1,2,1,3,True,,15,holiday,1,0,faculty,laptop,holiday,88.7,226.86,47.55,70.64,0.15,0.777,525.31,111.62,0.155,0.498
user_99dc0a35c364,graduate,laptop,3,1,3,1,0,True,,8,holiday,2,1,admin,laptop,holiday,104.32,175.09,33.15,57.27,0.253,0.742,384.45,118.39,0.322,0.402
user_f1db0100ad17,graduate,tablet,3,0,2,2,0,True,,114,exam,2,1,faculty,tablet,exam,82.75,151.02,32.23,81.38,0.249,0.91,432.01,114.28,0.138,0.427
user_b11506bd9cdf,research,mobile,0,0,1,0,2,True,,29,regular_term,1,1,faculty,mobile,regular_term,89.37,246.83,41.07,68.8,0.065,0.732,449.47,138.35,0.165,0.45
user_a0d07a9f0f5e,faculty,desktop,0,1,3,1,0,True,,113,regular_term,1,1,faculty,mobile,regular_term,89.34,249.97,25.4,57.58,0.139,0.809,316.85,130.7,0.195,0.444
user_8e14446dfc6c,undergraduate,laptop,0,1,2,1,2,True,,90,holiday,2,0,faculty,mobile,holiday,112.51,249.77,53.06,86.28,0.128,0.779,310.6,117.05,0.306,0.402
user_7d16bc3ade8b,research,desktop,2,1,3,1,0,True,,10,exam,1,1,graduate,tablet,exam,88.32,200.47,31.65,72.11,0.112,0.916,314.27,117.18,0.257,0.483
user_2ac717f17e9e,admin,mobile,0,0,4,1,2,True,,24,holiday,1,1,graduate,desktop,holiday,109.17,240.89,32.24,89.56,0.283,0.717,499.76,158.67,0.337,0.493
user_7e1cec0a7b41,faculty,desktop,1,1,1,0,2,True,,88,regular_term,0,2,faculty,tablet,regular_term,91.27,195.45,40.08,70.17,0.205,0.832,449.43,131.88,0.233,0.271
user_12d5dc8df837,faculty,laptop,2,0,1,1,1,True,,23,holiday,2,2,undergraduate,mobile,holiday,99.53,195.77,21.47,69.85,0.182,0.934,324.06,124.34,0.282,0.339
user_74f9fe4ae712,admin,tablet,3,0,1,2,0,True,,63,regular_term,0,1,graduate,desktop,regular_term,93.8,216.98,59.56,41.28,0.053,0.904,553.29,175.14,0.173,0.462
user_9d00bff86be1,admin,tablet,0,1,4,1,1,False,,51,exam,0,1,faculty,tablet,exam,119.55,205.38,47.17,48.15,0.211,0.782,498.86,126.3,0.101,0.594
user_ea7c8ffcc24d,graduate,tablet,2,1,0,1,2,True,,85,regular_term,1,1,graduate,mobile,regular_term,84.75,164.89,44.04,77.28,0.299,0.852,467.57,142.26,0.166,0.538
user_2f1beeaf1930,graduate,tablet,2,0,0,2,0,True,,34,holiday,0,0,admin,laptop,holiday,101.95,227.94,32.5,50.3,0.224,0.79,552.98,151.45,0.3,0.301
user_ee9fc821bcb2,faculty,desktop,3,0,0,0,0,True,,56,holiday,2,0,research,mobile,holiday,106.71,156.14,26.4,46.07,0.163,0.861,583.05,164.21,0.109,0.422
user_a0ea2cd21eb5,undergraduate,tablet,2,0,3,0,1,True,,96,regular_term,0,0,faculty,mobile,regular_term,115.88,175.6,54.72,87.42,0.101,0.787,379.7,175.52,0.356,0.433
user_390db89e90a4,research,mobile,1,0,1,1,2,True,,83,exam,2,0,graduate,desktop,exam,97.98,223.23,38.07,75.28,0.272,0.849,342.11,179.95,0.182,0.46
user_db8a1bbdead7,faculty,desktop,1,0,4,0,3,True,,90,holiday,1,2,graduate,desktop,holiday,84.58,156.28,31.12,54.72,0.234,0.818,555.38,116.62,0.19,0.474
user_fce24155847d,faculty,desktop,1,0,1,1,2,True,,120,holiday,1,0,faculty,desktop,holiday,87.81,186.37,38.6,58.56,0.181,0.73,422.66,170.31,0.389,0.452
user_4039dd8315db,undergraduate,desktop,1,0,0,2,3,True,,78,holiday,0,2,graduate,laptop,holiday,113.0,235.42,48.96,88.57,0.199,0.852,399.23,108.07,0.146,0.229
user_55ac8ea78a64,admin,desktop,1,1,2,1,2,True,,22,regular_term,1,1,research,desktop,regular_term,111.96,189.25,52.1,48.79,0.146,0.913,405.6,155.81,0.103,0.309
user_7832864ce870,undergraduate,tablet,0,0,4,2,0,True,,73,holiday,0,1,research,laptop,holiday,94.48,170.76,34.53,59.62,0.099,0.907,539.81,179.35,0.372,0.312
user_68daa5ea6f8d,admin,laptop,0,1,2,2,2,True,,59,regular_term,0,2,graduate,tablet,regular_term,115.17,238.73,21.63,76.09,0.291,0.774,566.1,158.63,0.352,0.375
user_200dfd8349b6,undergraduate,tablet,1,0,1,1,3,False,,77,holiday,2,0,undergraduate,desktop,holiday,110.67,150.14,31.02,54.08,0.135,0.708,536.54,143.73,0.379,0.449
user_5cbdae923f99,faculty,tablet,0,0,1,0,3,True,,38,holiday,0,1,research,laptop,holiday,99.26,227.73,49.73,87.72,0.193,0.794,512.24,129.63,0.218,0.599
user_c3fd928e1011,faculty,laptop,0,1,4,0,1,False,,41,holiday,1,0,admin,desktop,holiday,113.32,233.23,56.4,87.82,0.117,0.725,543.83,131.86,0.226,0.492
user_920ba042b6ee,graduate,desktop,0,1,3,1,2,True,,107,regular_term,1,0,undergraduate,desktop,regular_term,88.68,185.21,31.01,61.17,0.249,0.753,511.24,174.37,0.139,0.255
user_16f378351a17,admin,tablet,3,1,2,1,1,True,,112,regular_term,2,2,research,mobile,regular_term,106.48,167.36,27.84,50.71,0.076,0.801,551.25,160.53,0.27,0.585
user_5cf2afa81c8a,research,laptop,1,0,3,1,0,True,,99,exam,0,2,faculty,mobile,exam,84.47,171.18,56.9,69.85,0.2,0.804,407.05,145.41,0.298,0.323
user_4c8792f553c7,research,mobile,3,1,3,0,2,True,,48,holiday,1,2,research,laptop,holiday,103.86,169.98,47.72,83.73,0.176,0.714,458.37,144.85,0.319,0.243
user_f073f8c9e092,research,laptop,1,0,3,0,0,True,,55,holiday,0,1,undergraduate,tablet,holiday,93.24,166.31,50.56,74.14,0.237,0.709,348.83,160.55,0.282,0.489
user_07dea4eaa399,admin,desktop,2,0,0,2,1,True,,117,exam,1,2,admin,mobile,exam,107.77,156.47,21.29,66.83,0.107,0.93,532.32,108.13,0.118,0.236
user_4f7be05ef0b7,admin,laptop,1,0,0,1,3,True,,105,holiday,0,0,admin,tablet,holiday,80.35,191.1,37.79,63.27,0.155,0.907,467.79,164.46,0.269,0.549
user_3d90bb80af05,research,tablet,0,1,3,0,2,True,,115,regular_term,2,0,admin,tablet,regular_term,114.18,208.16,36.76,51.94,0.216,0.853,319.34,124.25,0.174,0.502
user_96133b6127d2,graduate,tablet,0,1,3,2,0,False,,23,exam,1,0,admin,desktop,exam,107.85,237.23,20.66,46.09,0.265,0.797,459.06,165.5,0.305,0.476
user_0769656ff223,graduate,tablet,0,0,1,1,2,True,,45,exam,1,0,undergraduate,desktop,exam,92.75,169.18,32.98,73.74,0.247,0.748,467.14,141.18,0.34,0.242
user_829db858c6e7,research,mobile,0,1,0,1,1,False,,106,exam,1,2,undergraduate,tablet,exam,113.93,164.16,34.09,81.12,0.196,0.765,337.36,161.18,0.152,0.422
user_df5163a7dfca,admin,desktop,1,1,2,0,2,False,,53,regular_term,0,1,research,tablet,regular_term,94.39,165.51,31.94,56.78,0.054,0.764,458.43,110.26,0.22,0.403
user_d6212faead91,graduate,laptop,0,1,1,1,0,True,,6,holiday,1,2,graduate,laptop,holiday,92.03,202.98,33.78,76.72,0.052,0.919,365.73,133.97,0.364,0.566
user_fb3218a06e69,graduate,desktop,3,0,4,2,0,True,,83,holiday,1,1,faculty,laptop,holiday,103.61,184.33,57.43,66.3,0.29,0.863,338.32,108.05,0.229,0.586
user_5bf1585e6df7,faculty,desktop,0,0,3,0,0,True,,32,holiday,0,2,graduate,laptop,holiday,97.09,214.34,47.23,60.99,0.052,0.913,494.51,109.43,0.38,0.423
user_d48919edee05,admin,mobile,0,1,0,2,1,True,,85,regular_term,2,0,research,laptop,regular_term,114.84,214.58,49.18,54.23,0.192,0.869,415.98,117.66,0.167,0.269
user_a6e36a865090,research,mobile,3,0,0,0,1,True,,113,regular_term,2,1,research,tablet,regular_term,113.03,200.05,54.31,51.17,0.24,0.859,316.35,119.55,0.215,0.228
user_1bfd27c459df,graduate,tablet,3,1,1,2,0,True,,38,exam,0,0,research,tablet,exam,116.69,204.81,36.48,82.65,0.104,0.825,394.11,152.24,0.127,0.511
user_589ca2d90119,research,desktop,1,0,3,1,2,True,,58,holiday,2,0,undergraduate,tablet,holiday,114.04,173.02,42.02,41.16,0.111,0.823,461.04,164.01,0.254,0.303
user_927bc3d2f5c7,faculty,desktop,3,1,2,0,3,False,,103,regular_term,1,0,faculty,tablet,regular_term,92.62,165.83,31.23,52.63,0.237,0.733,415.92,149.25,0.209,0.513
user_8c1a22720301,undergraduate,desktop,3,1,4,1,3,False,,46,regular_term,2,0,admin,tablet,regular_term,92.08,158.46,53.77,66.35,0.171,0.779,515.17,132.48,0.373,0.379
user_94c9efbca187,faculty,tablet,0,0,3,2,0,True,,120,holiday,1,1,undergraduate,tablet,holiday,92.54,247.59,39.92,51.88,0.271,0.706,592.99,112.4,0.115,0.592
user_58883972a546,research,tablet,1,1,2,1,3,True,,18,exam,0,2,faculty,laptop,exam,81.01,243.36,31.46,58.41,0.119,0.881,584.82,166.53,0.27,0.328
user_1a046d1a0bb7,research,desktop,2,1,0,1,3,True,,39,exam,0,0,graduate,desktop,exam,86.96,203.55,30.19,52.09,0.154,0.832,472.64,143.21,0.16,0.381
user_bc3307d8416d,research,mobile,1,1,3,0,0,True,,51,regular_term,1,2,graduate,mobile,regular_term,90.37,198.09,51.49,67.98,0.166,0.895,491.62,105.41,0.359,0.598
user_e902bd58e1d1,graduate,mobile,0,0,4,0,1,True,,103,regular_term,1,2,faculty,mobile,regular_term,93.84,248.01,46.4,81.1,0.171,0.717,529.07,176.0,0.391,0.496
user_a342826a018b,undergraduate,tablet,3,1,0,1,2,True,,11,exam,0,2,undergraduate,desktop,exam,106.99,194.42,50.12,85.64,0.25,0.846,561.12,168.36,0.284,0.289
user_076e012567da,research,tablet,3,0,0,2,0,True,,7,regular_term,1,2,graduate,desktop,regular_term,99.88,241.48,28.22,61.63,0.115,0.813,353.28,101.99,0.242,0.587
user_edfb62f373bd,graduate,laptop,0,1,2,0,1,True,,66,holiday,0,1,undergraduate,mobile,holiday,110.26,195.36,32.97,71.86,0.091,0.805,583.1,114.99,0.306,0.27
user_6eca2ee841e7,undergraduate,laptop,1,0,1,2,1,True,,96,regular_term,2,2,undergraduate,tablet,regular_term,118.78,217.44,48.05,40.55,0.274,0.933,454.63,162.62,0.121,0.459
user_e47bfbf22028,admin,mobile,3,0,0,0,0,True,,26,holiday,0,1,undergraduate,desktop,holiday,110.61,189.88,24.83,87.38,0.262,0.767,449.98,154.6,0.183,0.421
user_5dcdc05a8a35,faculty,laptop,3,1,0,2,2,True,,29,exam,0,2,undergraduate,mobile,exam,98.69,249.07,36.45,74.06,0.235,0.949,581.65,121.78,0.187,0.27
user_ae7e52ef832e,undergraduate,mobile,1,0,4,2,0,True,,112,holiday,2,2,graduate,mobile,holiday,115.68,207.07,21.52,88.07,0.291,0.809,454.82,124.25,0.125,0.52
user_d64fd86305cf,faculty,desktop,0,1,4,1,1,True,,47,regular_term,1,1,admin,mobile,regular_term,114.02,171.74,57.7,79.77,0.237,0.892,389.2,156.71,0.212,0.457
user_8988a7b35e92,graduate,laptop,3,1,0,2,2,True,,62,exam,1,2,undergraduate,desktop,exam,105.17,177.75,53.63,64.9,0.07,0.791,485.47,164.51,0.275,0.211
user_73b334d27262,undergraduate,tablet,0,1,2,0,2,True,,59,exam,2,1,research,desktop,exam,102.73,164.74,29.39,53.18,0.224,0.945,413.35,151.81,0.198,0.405
user_1f904e2df563,undergraduate,laptop,2,0,3,2,2,True,,25,regular_term,1,0,undergraduate,tablet,regular_term,90.65,245.26,33.93,62.25,0.189,0.945,476.53,112.53,0.366,0.238
user_9f6a36c263e9,undergraduate,laptop,3,1,3,2,3,True,,119,holiday,0,2,admin,desktop,holiday,117.38,229.17,59.15,64.41,0.148,0.886,318.99,159.92,0.275,0.342
user_ea62c211b30e,faculty,desktop,0,0,3,0,1,True,,92,exam,0,1,undergraduate,tablet,exam,92.53,189.52,29.54,74.32,0.18,0.902,416.78,156.45,0.166,0.58
user_4e9ad10e9322,graduate,desktop,3,1,2,1,0,True,,31,exam,2,2,faculty,laptop,exam,89.42,235.85,43.99,64.95,0.185,0.918,485.8,130.52,0.243,0.394
user_2242a7831465,faculty,desktop,3,1,1,1,1,True,,46,holiday,2,1,faculty,laptop,holiday,106.1,155.32,59.11,85.62,0.125,0.935,495.46,160.53,0.32,0.54
user_e296654c6dcb,faculty,laptop,3,0,1,0,0,True,,17,regular_term,1,1,graduate,tablet,regular_term,91.53,154.68,34.64,83.9,0.179,0.907,463.34,124.16,0.181,0.532
user_ec1c2542e471,undergraduate,mobile,1,0,2,2,0,True,,21,regular_term,1,1,graduate,desktop,regular_term,89.48,178.89,42.13,51.57,0.249,0.793,403.26,132.84,0.265,0.247
user_23b8ed7ed1c8,faculty,tablet,2,0,3,2,2,True,,107,holiday,1,2,faculty,tablet,holiday,113.77,182.89,21.91,58.55,0.082,0.909,566.06,130.32,0.251,0.437
user_409f5fca5b06,research,tablet,2,0,3,1,2,False,,115,exam,1,2,faculty,tablet,exam,106.55,192.84,48.23,82.59,0.211,0.884,590.17,106.51,0.155,0.341
user_e639a76e2b9f,undergraduate,mobile,0,1,1,1,1,True,,70,exam,1,1,undergraduate,laptop,exam,104.66,168.63,20.28,66.54,0.24,0.879,460.92,155.87,0.244,0.509
user_ddb4bc816aec,undergraduate,tablet,1,1,4,2,1,True,,21,holiday,1,2,admin,desktop,holiday,82.65,247.19,50.56,71.84,0.077,0.829,509.06,122.5,0.11,0.533
user_e734798478cb,admin,laptop,2,0,2,2,1,True,,119,regular_term,2,2,faculty,mobile,regular_term,108.07,241.07,58.11,43.27,0.14,0.825,482.82,118.63,0.119,0.537
user_59333bd35cfa,undergraduate,laptop,0,0,1,1,3,True,,100,holiday,2,1,graduate,tablet,holiday,98.65,194.23,43.46,50.36,0.295,0.856,538.82,110.1,0.203,0.536
user_d0b4744492ee,graduate,laptop,2,0,3,2,1,True,,28,regular_term,2,1,graduate,desktop,regular_term,117.06,190.45,28.04,76.19,0.256,0.722,355.24,140.14,0.357,0.212
user_620869295121,graduate,desktop,1,1,0,2,3,True,,25,regular_term,2,2,faculty,desktop,regular_term,112.76,215.97,37.91,65.87,0.235,0.74,441.61,105.02,0.164,0.474
user_109a78779267,research,tablet,2,1,3,1,3,True,,96,exam,1,1,research,tablet,exam,92.75,206.12,43.17,63.42,0.135,0.894,335.53,101.03,0.306,0.591
user_62486601c817,faculty,mobile,0,0,3,0,0,True,,23,exam,1,0,undergraduate,tablet,exam,109.8,206.73,36.36,59.12,0.267,0.807,331.35,103.49,0.303,0.389
user_d92410802409,admin,mobile,1,0,1,0,2,True,,16,holiday,0,0,graduate,laptop,holiday,106.78,194.12,22.14,49.32,0.246,0.805,538.3,159.12,0.259,0.476
user_d7ee0af333da,admin,laptop,0,0,0,0,3,False,,21,exam,2,0,undergraduate,desktop,exam,86.81,176.22,42.48,53.05,0.058,0.764,363.79,112.88,0.154,0.303
user_cd67bbb85585,faculty,mobile,3,0,3,2,3,True,,6,exam,2,0,faculty,laptop,exam,89.03,217.1,23.61,88.85,0.215,0.931,384.05,169.58,0.111,0.218
user_5ced15144f6d,faculty,tablet,0,1,4,2,2,True,,72,regular_term,0,2,faculty,mobile,regular_term,85.81,238.69,30.77,72.4,0.07,0.892,340.37,122.64,0.34,0.58
user_bcbd00543e95,graduate,laptop,3,1,0,1,0,False,,97,holiday,2,1,graduate,tablet,holiday,89.46,193.57,54.64,43.93,0.275,0.905,407.89,122.11,0.156,0.385
user_f3e103ff29ee,graduate,mobile,0,0,4,2,1,True,,73,holiday,1,0,admin,tablet,holiday,101.56,153.24,29.09,43.51,0.136,0.718,374.17,144.06,0.197,0.279
user_01b0e7506ef6,faculty,tablet,0,0,4,1,1,True,,117,regular_term,0,1,graduate,tablet,regular_term,85.64,158.2,33.81,84.04,0.1,0.724,310.16,129.89,0.147,0.58
user_21b8d68cc9f8,faculty,mobile,2,0,0,2,2,True,,86,regular_term,1,1,admin,laptop,regular_term,118.5,223.9,22.44,84.99,0.085,0.751,361.03,130.71,0.343,0.347
user_efbeed340aaf,admin,tablet,0,0,3,2,2,True,,81,exam,0,0,graduate,laptop,exam,112.27,210.04,27.15,50.94,0.186,0.91,579.21,174.0,0.246,0.367
user_14014ab58fb7,admin,desktop,1,0,4,1,1,True,,30,regular_term,2,2,faculty,mobile,regular_term,112.26,242.44,46.91,82.14,0.152,0.758,367.25,109.88,0.151,0.203
user_5cdbedb9cc0f,faculty,tablet,0,0,0,1,1,True,,18,regular_term,2,0,undergraduate,tablet,regular_term,108.0,182.03,32.98,57.5,0.056,0.784,496.97,100.9,0.243,0.41
user_52777c3251e8,admin,mobile,3,1,2,1,3,True,,48,holiday,0,1,faculty,tablet,holiday,83.4,221.5,30.44,88.54,0.115,0.769,535.45,140.54,0.18,0.287
user_e5ca58389fac,research,mobile,1,1,1,2,3,True,,59,regular_term,1,2,research,laptop,regular_term,112.18,186.64,43.33,48.86,0.11,0.821,531.99,164.86,0.294,0.423
user_755c1c32bae4,undergraduate,mobile,2,0,2,0,1,True,,82,exam,2,0,undergraduate,mobile,exam,103.0,214.0,42.88,43.43,0.086,0.752,597.63,113.15,0.313,0.227
user_7cd26821edef,admin,tablet,2,1,4,1,1,True,,100,exam,2,1,undergraduate,tablet,exam,106.9,204.75,41.68,54.75,0.086,0.738,355.8,104.51,0.126,0.527
user_3d65f7d965e2,faculty,laptop,1,0,0,1,0,True,,56,exam,2,0,admin,tablet,exam,98.89,179.59,38.2,57.55,0.15,0.816,393.01,141.14,0.398,0.57
user_48c69abf08d3,admin,tablet,0,1,1,1,3,True,,22,holiday,0,2,admin,desktop,holiday,102.21,177.66,57.25,65.06,0.075,0.931,515.77,133.09,0.303,0.471
user_a3f182151d3b,faculty,tablet,0,1,2,0,2,False,,42,holiday,0,2,graduate,laptop,holiday,108.56,185.06,35.02,74.12,0.254,0.923,334.41,168.99,0.175,0.463
user_000eb8732895,graduate,tablet,3,0,3,1,3,True,,41,regular_term,0,1,undergraduate,tablet,regular_term,91.13,234.56,21.94,88.78,0.188,0.785,379.81,114.32,0.189,0.329
user_fd98f016dce7,undergraduate,laptop,1,0,3,2,2,True,,13,regular_term,1,1,faculty,laptop,regular_term,85.56,177.54,49.85,73.04,0.126,0.785,385.29,114.35,0.305,0.365
user_42cbf5eec637,undergraduate,mobile,3,0,3,2,0,True,,59,holiday,1,1,faculty,mobile,holiday,89.5,169.45,59.46,72.27,0.231,0.754,318.2,175.01,0.156,0.288
user_a56e04eaa18e,undergraduate,desktop,0,1,4,2,3,True,,22,holiday,1,1,admin,tablet,holiday,101.45,201.51,47.51,63.43,0.169,0.726,312.22,156.05,0.179,0.41
user_2125ce59f5de,admin,tablet,2,0,2,2,3,True,,31,exam,2,1,graduate,desktop,exam,88.48,196.22,38.9,69.3,0.079,0.844,321.57,140.09,0.347,0.457
user_c2d1c23cc186,graduate,mobile,1,1,2,2,2,True,,86,exam,1,2,faculty,laptop,exam,99.19,170.52,22.97,53.43,0.198,0.719,439.61,150.89,0.329,0.552
user_9ef012b070a9,admin,laptop,0,1,3,1,1,True,,75,regular_term,0,2,faculty,laptop,regular_term,118.96,211.74,36.74,77.42,0.121,0.861,344.49,169.5,0.118,0.393
user_41c6e0378183,undergraduate,tablet,2,0,1,2,1,True,,8,holiday,2,2,admin,tablet,holiday,103.97,227.68,40.92,61.29,0.123,0.795,379.77,153.89,0.143,0.303
user_844ee54547a3,graduate,laptop,3,0,3,0,1,True,,20,holiday,1,0,faculty,laptop,holiday,112.9,165.9,43.09,79.24,0.238,0.758,448.94,140.4,0.116,0.335
user_1f2287f3c1c1,graduate,tablet,2,1,4,2,3,True,,115,exam,1,0,faculty,mobile,exam,103.36,214.52,58.15,57.16,0.216,0.88,347.1,101.4,0.35,0.412
user_576ed4b7f932,research,tablet,0,0,0,2,1,True,,6,holiday,0,2,admin,laptop,holiday,117.38,170.54,59.19,65.81,0.196,0.887,529.06,167.99,0.103,0.48
user_1a05fba48006,faculty,tablet,2,1,2,2,3,True,,58,regular_term,0,1,research,mobile,regular_term,117.29,196.33,31.28,64.4,0.212,0.785,428.87,103.92,0.231,0.306
user_d95fc60a11eb,undergraduate,mobile,0,0,1,2,0,True,,68,holiday,1,1,faculty,mobile,holiday,81.45,230.09,51.77,55.44,0.264,0.929,450.4,168.97,0.344,0.347
user_71be05a0a686,graduate,tablet,1,1,4,1,1,True,,94,regular_term,2,2,graduate,desktop,regular_term,85.1,239.81,35.43,75.94,0.089,0.939,422.19,151.62,0.332,0.558
user_510f76c1599a,faculty,laptop,0,0,4,2,3,True,,60,holiday,1,2,graduate,tablet,holiday,95.6,237.47,44.09,78.34,0.219,0.808,453.57,169.47,0.332,0.304
user_b4d8eed8f9d1,undergraduate,desktop,3,0,2,2,2,True,,69,regular_term,2,2,admin,desktop,regular_term,105.04,206.67,32.43,75.62,0.286,0.701,465.67,153.62,0.344,0.408
user_87e34fa11fe4,undergraduate,desktop,1,0,4,1,0,True,,100,holiday,0,2,graduate,tablet,holiday,85.8,168.28,46.08,71.03,0.083,0.775,584.65,144.25,0.296,0.301
user_636160945287,admin,tablet,0,0,1,1,2,True,,40,regular_term,2,0,undergraduate,tablet,regular_term,100.51,248.06,28.16,45.33,0.107,0.813,425.36,124.96,0.275,0.252
user_aedd40330e13,admin,laptop,2,1,2,0,3,False,,78,exam,0,0,graduate,desktop,exam,86.04,239.28,53.69,85.15,0.22,0.851,492.89,113.58,0.374,0.233
user_550df82d9652,undergraduate,desktop,2,1,1,2,2,True,,60,holiday,1,2,faculty,mobile,holiday,95.42,188.89,22.11,42.57,0.292,0.819,353.8,116.62,0.307,0.453
user_3bccea6697d5,undergraduate,tablet,2,1,1,2,2,True,,73,regular_term,1,0,undergraduate,mobile,regular_term,114.88,156.66,37.14,89.13,0.298,0.807,443.23,141.59,0.393,0.304
user_1368e9f48ace,undergraduate,laptop,1,1,2,2,2,True,,77,holiday,0,1,research,mobile,holiday,82.65,227.65,55.79,43.41,0.058,0.943,328.05,164.77,0.144,0.385
user_b80d23368dc4,research,laptop,0,0,3,2,0,True,,94,holiday,1,1,admin,desktop,holiday,105.9,234.23,31.34,65.1,0.199,0.827,478.77,151.43,0.346,0.581
user_3fed8c9f629e,research,tablet,2,0,4,1,0,False,,110,exam,0,2,faculty,tablet,exam,82.37,232.48,25.8,65.7,0.258,0.837,373.69,154.57,0.297,0.331
user_52a3e9995c8e,undergraduate,desktop,2,0,1,1,3,True,,79,holiday,0,0,research,laptop,holiday,96.96,208.48,34.05,71.27,0.152,0.832,394.81,109.85,0.124,0.41
user_f19c350bbba8,admin,desktop,0,0,3,2,3,True,,19,regular_term,1,2,admin,desktop,regular_term,97.74,245.64,35.35,50.55,0.291,0.721,456.81,122.23,0.343,0.269
user_7749e474ad06,undergraduate,desktop,1,1,2,1,0,True,,96,regular_term,1,1,undergraduate,desktop,regular_term,119.53,248.45,21.98,47.09,0.228,0.782,372.71,102.46,0.125,0.266
user_384b35047c63,research,laptop,1,1,4,0,1,True,,67,holiday,2,0,undergraduate,mobile,holiday,101.18,224.94,20.47,45.16,0.26,0.896,316.42,129.31,0.269,0.284
user_92160b140352,graduate,desktop,2,0,1,0,1,True,,63,regular_term,2,2,admin,desktop,regular_term,104.36,209.18,26.63,64.81,0.23,0.74,512.87,111.54,0.105,0.384
user_23eef278d39a,admin,laptop,0,0,3,1,1,True,,29,holiday,0,1,admin,mobile,holiday,90.75,242.85,45.12,60.76,0.081,0.842,316.15,102.85,0.212,0.417
user_44051ea41795,graduate,desktop,2,0,0,1,2,True,,64,exam,1,2,undergraduate,laptop,exam,89.53,169.92,21.84,86.46,0.145,0.935,569.49,136.3,0.37,0.401
user_969d9b16891c,research,laptop,3,1,2,1,3,True,,71,holiday,1,1,faculty,mobile,holiday,111.99,181.41,27.8,76.92,0.141,0.844,506.18,175.49,0.174,0.446
user_13e25631bc97,graduate,mobile,0,0,4,1,2,True,,7,regular_term,2,0,admin,tablet,regular_term,107.0,165.44,52.24,47.88,0.07,0.775,465.44,108.29,0.361,0.419
user_266895042f70,undergraduate,tablet,2,0,2,0,3,True,,20,holiday,0,1,research,tablet,holiday,101.84,212.6,45.99,66.15,0.268,0.783,493.8,173.17,0.249,0.236
user_c18fcd3b5f76,admin,laptop,1,0,4,2,2,True,,41,exam,0,1,graduate,laptop,exam,106.48,224.87,39.95,68.95,0.242,0.747,598.58,171.04,0.261,0.227
user_f9e3f6abfef9,research,desktop,3,1,1,2,2,True,,49,regular_term,2,0,research,mobile,regular_term,108.06,177.75,31.79,55.9,0.057,0.942,406.16,161.47,0.306,0.278
user_1fc3c9273374,faculty,mobile,3,1,2,1,0,True,,26,holiday,2,1,graduate,mobile,holiday,107.84,164.54,58.43,89.36,0.267,0.709,402.5,103.92,0.152,0.294
user_bddd5d480ab8,graduate,tablet,0,0,2,1,3,False,,33,regular_term,2,1,admin,desktop,regular_term,94.43,162.27,50.77,79.06,0.293,0.873,399.37,111.26,0.286,0.269
user_aa2e60b6662d,faculty,desktop,2,0,4,1,2,True,,120,regular_term,1,0,graduate,laptop,regular_term,92.34,227.9,25.35,49.74,0.261,0.793,549.31,129.0,0.375,0.202
user_b40250cb7f09,admin,mobile,1,1,0,0,1,True,,106,exam,0,0,admin,laptop,exam,87.07,191.41,30.76,81.29,0.137,0.756,327.1,121.99,0.119,0.399
user_f749f620b903,admin,mobile,3,0,1,0,1,True,,42,exam,0,0,faculty,mobile,exam,84.68,152.65,39.56,49.46,0.263,0.749,382.1,154.12,0.258,0.343
user_955e2cdb169f,research,laptop,3,0,4,0,2,False,,116,holiday,2,1,faculty,laptop,holiday,87.87,189.27,43.66,68.75,0.222,0.921,341.23,130.08,0.17,0.359
user_2d0a667af01a,admin,laptop,2,0,1,2,3,True,,38,holiday,0,2,faculty,desktop,holiday,101.76,248.88,34.13,75.87,0.184,0.786,337.57,162.01,0.354,0.316
user_6aad62d27d31,research,tablet,1,0,4,1,3,True,,76,regular_term,0,1,research,laptop,regular_term,111.92,169.25,54.99,72.44,0.19,0.867,527.18,142.14,0.114,0.428
user_9d77ef9b00c8,research,tablet,1,1,1,1,1,True,,107,exam,0,2,undergraduate,tablet,exam,103.44,159.48,42.32,79.31,0.229,0.728,392.4,165.49,0.212,0.464
user_6c0a929aeb08,graduate,tablet,3,1,3,1,3,True,,106,holiday,0,0,graduate,desktop,holiday,115.91,224.0,41.85,40.05,0.21,0.804,485.05,178.89,0.138,0.261
user_868b2170b5a5,graduate,laptop,3,1,3,1,1,True,,103,regular_term,2,2,faculty,desktop,regular_term,91.5,185.02,28.85,85.61,0.133,0.928,347.22,134.1,0.226,0.312
user_0f583241efe3,admin,laptop,1,0,1,0,2,True,,87,regular_term,2,2,faculty,tablet,regular_term,90.83,189.3,41.87,51.13,0.278,0.7,335.85,173.68,0.367,0.428
user_db912cf75397,graduate,mobile,0,1,3,1,1,False,,90,regular_term,2,1,admin,desktop,regular_term,91.77,162.68,37.2,81.22,0.11,0.782,511.88,152.78,0.32,0.365
user_93d074deb80b,admin,desktop,0,0,4,0,2,True,,51,holiday,2,2,faculty,mobile,holiday,110.02,196.01,24.01,69.51,0.179,0.906,595.04,133.25,0.143,0.249
user_da4b22406893,faculty,desktop,2,0,3,2,0,True,,66,regular_term,0,2,faculty,laptop,regular_term,109.2,204.63,28.44,47.07,0.172,0.797,413.96,104.85,0.273,0.416
user_e4bbda602050,graduate,tablet,2,0,4,1,0,True,,12,exam,2,1,research,laptop,exam,96.74,161.95,49.5,57.76,0.267,0.866,598.32,156.86,0.352,0.548
user_fda7313ec0e6,undergraduate,mobile,2,1,0,1,3,True,,37,exam,1,1,faculty,tablet,exam,109.29,246.79,23.87,48.13,0.062,0.824,351.29,115.03,0.258,0.471
user_cc7bb1dee1fa,faculty,desktop,3,0,1,0,2,True,,79,exam,2,0,research,laptop,exam,88.98,210.85,40.74,83.41,0.228,0.88,518.89,124.1,0.103,0.592
user_aa6d43c6535c,faculty,tablet,3,0,3,0,2,True,,120,exam,2,1,graduate,desktop,exam,96.75,156.54,59.51,46.23,0.084,0.916,568.49,152.79,0.263,0.515
user_7724cb84b414,faculty,tablet,2,0,2,2,3,True,,47,exam,2,2,admin,laptop,exam,117.54,173.77,49.54,61.31,0.24,0.756,546.17,174.14,0.302,0.434
user_d7eed7c48c9f,undergraduate,tablet,1,0,0,0,2,True,,98,regular_term,0,1,research,desktop,regular_term,109.19,176.94,45.53,81.01,0.179,0.872,430.64,108.12,0.105,0.448
user_9f075d0e996c,undergraduate,laptop,0,1,1,1,2,True,,49,regular_term,2,1,admin,tablet,regular_term,117.76,181.85,52.38,46.37,0.152,0.842,541.94,117.78,0.373,0.335
user_7f0e591826f9,admin,mobile,1,1,1,2,1,True,,15,regular_term,1,0,graduate,tablet,regular_term,110.7,175.26,29.79,60.16,0.061,0.809,591.66,153.73,0.114,0.303
user_3f239c56251e,undergraduate,tablet,0,0,1,0,3,True,,66,exam,2,0,admin,desktop,exam,119.73,233.37,57.02,42.54,0.185,0.925,379.64,120.54,0.117,0.44
user_2e1ab38736b5,graduate,desktop,1,0,0,2,2,True,,76,regular_term,1,2,graduate,tablet,regular_term,118.12,247.59,45.38,79.65,0.186,0.748,448.26,133.36,0.311,0.485
user_b85b500f7e8b,research,laptop,3,0,3,2,2,True,,79,regular_term,1,1,undergraduate,laptop,regular_term,89.42,223.01,55.9,89.62,0.253,0.774,556.7,178.01,0.364,0.471
user_680eada8c2ca,undergraduate,mobile,1,0,0,0,0,True,,67,holiday,1,1,undergraduate,mobile,holiday,103.74,179.14,40.44,87.94,0.259,0.92,518.81,120.06,0.276,0.294
user_7d1ebe125bcb,undergraduate,laptop,3,0,3,0,1,True,,14,holiday,0,2,research,tablet,holiday,84.01,195.51,28.16,78.66,0.127,0.772,592.79,100.5,0.364,0.25
user_6129abea6943,admin,mobile,2,1,3,0,2,True,,114,holiday,2,0,faculty,mobile,holiday,80.99,151.82,47.82,74.51,0.058,0.831,399.26,132.88,0.28,0.535
user_2432e9f03561,undergraduate,mobile,2,1,3,0,1,False,,26,exam,0,0,research,desktop,exam,81.99,230.78,25.41,63.44,0.257,0.857,334.86,176.47,0.344,0.502
user_9fcdb6a3d17a,undergraduate,tablet,3,0,1,2,2,True,,30,holiday,2,1,faculty,desktop,holiday,85.21,154.73,45.04,57.23,0.181,0.752,319.56,139.99,0.135,0.549
user_bd9e6634522f,faculty,laptop,1,1,0,2,1,True,,114,regular_term,0,0,undergraduate,tablet,regular_term,102.28,242.68,34.68,49.86,0.2,0.7,553.19,106.93,0.135,0.432
user_d28943e12322,faculty,laptop,0,1,2,0,3,True,,7,regular_term,2,0,admin,tablet,regular_term,108.83,240.69,21.45,83.13,0.106,0.75,545.59,157.99,0.389,0.559
user_35fa14edb8d8,admin,tablet,3,1,3,0,3,False,,49,regular_term,2,2,faculty,tablet,regular_term,110.92,209.59,45.99,82.34,0.178,0.853,576.55,135.97,0.166,0.27
user_412475639893,faculty,mobile,0,0,2,0,1,True,,37,exam,0,2,research,tablet,exam,118.25,159.64,37.31,86.99,0.16,0.753,599.68,145.33,0.232,0.438
user_19a628825197,admin,laptop,3,1,3,2,3,True,,65,holiday,2,1,research,mobile,holiday,115.19,232.05,49.72,78.88,0.217,0.884,348.07,121.32,0.255,0.55
user_b732d2689d5b,faculty,mobile,2,1,0,0,2,True,,42,regular_term,2,1,research,laptop,regular_term,92.9,241.83,54.44,74.84,0.231,0.93,434.0,145.46,0.206,0.599
user_c9523f326ba3,undergraduate,tablet,1,0,3,1,1,True,,53,holiday,2,1,undergraduate,tablet,holiday,113.18,210.13,50.31,44.96,0.066,0.808,380.53,166.44,0.137,0.573
user_cf3104860a98,research,desktop,0,0,2,2,3,False,,8,holiday,0,1,admin,laptop,holiday,89.83,195.78,32.29,79.3,0.064,0.858,359.3,169.17,0.137,0.349
user_6eb3c09aaaef,undergraduate,tablet,3,0,1,2,0,True,,86,exam,1,1,faculty,desktop,exam,107.72,172.59,54.34,73.15,0.11,0.837,374.55,168.67,0.29,0.315
user_1488805daf06,research,laptop,2,1,3,0,1,True,,85,regular_term,2,0,research,laptop,regular_term,86.19,202.84,28.86,58.46,0.215,0.729,372.0,112.2,0.379,0.43
user_260d75d91100,graduate,tablet,1,1,2,2,2,True,,44,regular_term,0,2,undergraduate,laptop,regular_term,92.79,166.49,34.17,69.66,0.163,0.813,462.29,136.64,0.394,0.553
user_1bd6b31f64eb,undergraduate,tablet,3,0,2,1,3,True,,33,regular_term,2,1,research,mobile,regular_term,109.8,240.05,34.08,65.33,0.119,0.837,552.7,124.94,0.127,0.232
user_e1b62596aae6,faculty,laptop,2,1,2,2,0,True,,20,exam,0,1,research,tablet,exam,95.59,180.84,35.47,71.25,0.164,0.938,452.2,104.58,0.243,0.494
user_c725e414fb0c,graduate,laptop,1,1,4,2,0,True,,76,regular_term,2,0,faculty,laptop,regular_term,108.0,159.58,39.8,84.63,0.06,0.737,307.28,154.98,0.363,0.581
user_ccfd91263bf3,faculty,desktop,2,0,0,0,0,False,,40,regular_term,0,0,faculty,mobile,regular_term,106.26,214.56,55.03,45.84,0.168,0.874,459.33,149.63,0.347,0.264
user_c2325e8c4554,undergraduate,tablet,1,0,1,2,2,True,,71,exam,0,1,faculty,tablet,exam,96.28,245.04,31.06,41.5,0.209,0.731,551.73,150.73,0.23,0.301
user_a8a23f15385d,undergraduate,desktop,2,1,1,2,2,True,,30,holiday,1,0,faculty,mobile,holiday,94.97,200.83,50.94,68.62,0.281,0.87,403.16,115.5,0.183,0.211
user_ba6c6cd747cb,undergraduate,desktop,2,0,2,1,2,True,,30,regular_term,2,2,undergraduate,laptop,regular_term,103.02,247.42,56.27,71.82,0.243,0.853,325.92,162.6,0.145,0.471
user_020fd56d0c2e,graduate,tablet,0,1,4,0,0,True,,64,exam,2,0,research,tablet,exam,119.71,210.68,23.16,73.62,0.129,0.83,586.97,177.88,0.161,0.335
user_4f3152c3d3f7,research,mobile,1,0,4,2,2,True,,106,regular_term,1,1,graduate,tablet,regular_term,88.4,174.97,50.69,75.56,0.079,0.807,427.08,165.39,0.128,0.568
user_72a0123c38fd,faculty,mobile,3,0,1,2,1,True,,56,exam,0,2,undergraduate,mobile,exam,83.52,153.92,20.61,60.7,0.19,0.839,419.83,120.21,0.357,0.4
user_9a0532e57640,undergraduate,desktop,2,0,4,0,1,True,,43,holiday,2,0,faculty,tablet,holiday,113.65,159.18,53.77,56.34,0.248,0.733,509.94,163.37,0.221,0.206
user_d07fde4b7a24,undergraduate,desktop,2,0,3,1,0,True,,116,holiday,2,0,research,desktop,holiday,100.77,228.35,42.06,86.61,0.247,0.727,441.16,171.98,0.243,0.213
user_49ce9c2f18a1,admin,mobile,0,0,1,1,0,True,,114,exam,0,2,graduate,laptop,exam,93.74,158.65,34.47,74.59,0.224,0.807,424.92,111.66,0.174,0.558
user_c1e4057e4b97,research,laptop,3,1,2,2,1,True,,95,exam,2,2,research,laptop,exam,93.42,243.39,58.68,51.82,0.241,0.887,403.17,140.13,0.184,0.221
user_c353f889ad86,undergraduate,laptop,0,0,2,0,3,True,,39,exam,0,1,faculty,desktop,exam,102.91,222.08,48.94,85.19,0.243,0.877,431.16,140.3,0.283,0.305
user_a3e4b6508d8a,research,desktop,0,1,0,0,3,False,,27,holiday,1,1,faculty,laptop,holiday,93.5,226.42,54.96,61.24,0.262,0.883,504.66,109.12,0.39,0.403
user_8b3e8bbe5c76,faculty,desktop,2,1,4,1,1,False,,108,holiday,0,2,undergraduate,laptop,holiday,88.57,204.82,30.21,61.31,0.273,0.743,586.34,132.21,0.294,0.587
user_173abfc63a12,graduate,laptop,3,1,4,0,3,True,,103,regular_term,0,1,undergraduate,mobile,regular_term,105.92,227.06,53.75,59.85,0.209,0.804,481.49,146.84,0.279,0.269
user_8669dea34e8d,research,tablet,1,1,1,2,0,True,,9,regular_term,2,1,admin,desktop,regular_term,118.6,190.77,49.1,58.55,0.101,0.922,480.44,128.85,0.238,0.539
user_1ab45c106b4e,graduate,mobile,1,0,4,2,3,True,,86,regular_term,2,0,undergraduate,desktop,regular_term,100.68,204.2,33.26,67.22,0.08,0.78,381.28,141.91,0.162,0.252
user_d26e2d64615c,admin,laptop,1,1,4,0,0,True,,70,exam,0,0,undergraduate,mobile,exam,115.79,240.88,38.64,81.67,0.071,0.863,458.68,141.62,0.287,0.333
user_1d4bb9927ab5,undergraduate,desktop,2,1,3,0,3,True,,118,exam,0,0,undergraduate,desktop,exam,97.22,245.5,28.91,49.6,0.282,0.887,468.3,162.7,0.15,0.229
user_c6de5d6d8924,undergraduate,mobile,3,0,1,0,0,True,,86,holiday,0,0,research,laptop,holiday,80.39,235.73,48.73,88.25,0.108,0.753,300.77,123.31,0.121,0.54
user_2aabb35e8580,faculty,tablet,3,0,2,1,2,True,,23,exam,0,1,admin,mobile,exam,87.03,169.31,57.1,74.78,0.123,0.725,569.9,178.47,0.167,0.203
user_f832037647a8,undergraduate,mobile,1,1,1,0,1,True,,37,exam,1,2,research,desktop,exam,106.04,246.41,31.56,50.81,0.156,0.737,343.34,176.25,0.218,0.319
user_8e26fc2f50f1,admin,laptop,3,1,0,1,2,True,,110,exam,0,1,undergraduate,desktop,exam,103.43,182.94,59.6,83.29,0.066,0.925,526.98,161.64,0.161,0.546
user_50f5f90108e9,faculty,laptop,1,0,1,0,0,True,,114,holiday,0,1,undergraduate,tablet,holiday,107.41,183.99,43.56,61.56,0.221,0.707,380.26,138.08,0.195,0.534
user_6b962779910e,graduate,laptop,1,1,4,0,2,True,,46,exam,2,1,research,mobile,exam,97.64,187.33,34.14,57.53,0.243,0.714,463.04,168.35,0.397,0.528
user_b1ea7070a38b,undergraduate,tablet,1,0,0,1,0,True,,73,holiday,1,1,research,laptop,holiday,88.51,225.31,24.99,89.72,0.258,0.936,562.79,163.68,0.306,0.569
user_9b5f5d1cf67f,admin,mobile,1,1,4,2,2,True,,5,regular_term,0,2,undergraduate,tablet,regular_term,111.18,194.11,52.64,81.37,0.153,0.859,388.08,114.53,0.182,0.279
user_542e7fad8f2a,research,laptop,3,1,0,1,3,True,,120,regular_term,2,2,admin,desktop,regular_term,82.12,221.48,36.32,46.62,0.199,0.903,533.89,145.21,0.398,0.539
user_5c901f919ec3,admin,mobile,1,0,3,2,3,True,,44,regular_term,0,1,research,laptop,regular_term,107.21,208.98,43.51,46.09,0.247,0.794,471.13,150.81,0.305,0.56
user_af244411e78c,graduate,tablet,0,0,2,0,0,True,,75,holiday,0,1,research,laptop,holiday,116.83,228.2,40.91,60.11,0.098,0.823,319.56,176.44,0.329,0.449
user_66352df1b887,undergraduate,desktop,3,1,0,2,1,True,,104,exam,2,0,research,laptop,exam,82.46,189.81,20.89,52.25,0.269,0.846,449.9,129.05,0.236,0.32
user_59582febde47,graduate,laptop,1,0,1,1,1,True,,118,regular_term,2,1,graduate,mobile,regular_term,89.43,159.71,21.47,71.26,0.063,0.81,559.29,112.73,0.142,0.202
user_dc2d8faeafd3,research,mobile,2,0,2,2,1,True,,30,regular_term,1,2,admin,laptop,regular_term,107.01,235.54,52.16,63.09,0.3,0.895,524.37,160.37,0.212,0.341
user_cc53f56b7ea9,admin,tablet,1,0,4,0,3,True,,80,regular_term,0,2,graduate,mobile,regular_term,91.53,193.56,38.11,40.04,0.243,0.83,583.96,148.26,0.149,0.444
user_a9617ff77c63,undergraduate,desktop,3,1,1,1,2,True,,42,exam,0,1,faculty,mobile,exam,93.55,218.58,45.56,46.39,0.226,0.79,393.15,127.8,0.331,0.443
user_dc9bd5bf6079,admin,tablet,2,1,3,1,1,True,,69,regular_term,0,1,undergraduate,laptop,regular_term,100.7,169.38,29.31,75.3,0.066,0.703,360.63,118.65,0.13,0.353
user_bcb31f42c174,research,laptop,1,0,1,2,0,True,,10,regular_term,2,1,admin,desktop,regular_term,82.71,200.47,25.39,88.18,0.14,0.803,340.46,161.59,0.382,0.493
user_8a5ae219804d,graduate,desktop,2,0,2,0,3,True,,33,exam,0,0,faculty,mobile,exam,84.24,166.82,57.46,58.36,0.153,0.8,455.9,168.51,0.185,0.52
user_364079183b26,research,desktop,1,0,1,2,3,True,,34,exam,2,1,undergraduate,mobile,exam,100.42,220.63,45.04,74.91,0.249,0.78,578.89,150.26,0.375,0.521
user_fa7cb6f8c270,research,tablet,0,0,1,1,2,True,,37,regular_term,1,1,admin,desktop,regular_term,90.78,162.5,22.99,42.19,0.277,0.893,445.9,151.68,0.299,0.482
user_a64a3b08ccbf,research,tablet,2,0,4,2,2,True,,52,exam,1,0,undergraduate,desktop,exam,113.57,196.83,29.94,84.96,0.07,0.758,570.05,146.73,0.384,0.521
user_33bfd5a6701c,admin,mobile,1,1,1,2,3,True,,85,exam,1,2,admin,desktop,exam,100.51,169.91,36.55,75.67,0.227,0.923,410.05,136.71,0.242,0.231
user_f727de30f1a6,admin,mobile,1,1,2,0,0,True,,114,regular_term,1,1,faculty,tablet,regular_term,87.47,219.65,51.89,52.86,0.133,0.929,445.51,158.29,0.108,0.527
user_e5a142eccef7,research,laptop,1,0,1,1,3,False,,101,regular_term,1,0,faculty,desktop,regular_term,109.35,179.39,37.97,85.73,0.275,0.947,348.71,147.69,0.144,0.391
user_dfd38bd0b26c,undergraduate,tablet,1,0,0,2,2,True,,8,exam,1,1,graduate,desktop,exam,105.94,230.77,55.92,40.29,0.101,0.725,413.38,157.79,0.298,0.469
user_f7ce4419af95,research,mobile,1,1,1,0,0,True,,83,holiday,1,0,research,tablet,holiday,93.03,218.6,25.32,57.01,0.195,0.919,347.47,173.1,0.11,0.551
user_5f0254035c1b,admin,desktop,2,1,2,2,2,True,,47,exam,0,2,faculty,tablet,exam,100.06,172.99,35.71,49.62,0.22,0.826,375.08,104.95,0.258,0.25
user_b4ee33f80640,undergraduate,desktop,0,0,3,1,1,True,,79,holiday,2,0,graduate,desktop,holiday,97.45,158.06,28.01,49.45,0.095,0.739,538.29,123.66,0.124,0.467
user_45fe4c4c070c,research,laptop,2,1,4,1,1,True,,63,exam,0,1,research,laptop,exam,100.57,240.76,40.98,64.46,0.228,0.941,560.25,124.64,0.183,0.236
user_492f489a75ce,admin,mobile,0,0,0,1,1,True,,84,exam,0,2,graduate,tablet,exam,81.52,231.08,58.86,78.07,0.106,0.874,330.04,137.05,0.114,0.433
user_1ada73008c40,graduate,desktop,2,0,4,1,2,True,,72,exam,2,1,admin,mobile,exam,83.65,156.13,35.12,50.51,0.157,0.795,493.28,138.57,0.3,0.567
user_3869b1d52247,admin,laptop,1,1,2,0,2,True,,74,holiday,0,0,faculty,mobile,holiday,89.72,220.06,45.16,86.59,0.214,0.776,545.14,177.47,0.224,0.284
user_701efc08d872,graduate,mobile,0,1,3,0,0,True,,104,holiday,1,1,undergraduate,tablet,holiday,95.73,227.8,50.08,47.27,0.214,0.919,561.45,166.23,0.307,0.445
user_9698d9465903,faculty,mobile,3,1,3,0,1,True,,93,exam,2,2,faculty,laptop,exam,111.61,224.07,40.58,73.14,0.087,0.83,396.54,152.88,0.103,0.397
user_6dbdc732f200,faculty,mobile,1,1,3,2,1,True,,36,exam,2,2,admin,mobile,exam,83.31,196.42,48.29,82.76,0.16,0.913,586.56,131.04,0.211,0.533
user_e94d0fcd2a5c,admin,tablet,1,0,3,1,0,True,,33,regular_term,0,0,research,tablet,regular_term,93.51,166.83,28.63,48.24,0.166,0.787,375.45,140.98,0.172,0.248
user_dc0dbfb5af6d,faculty,laptop,0,1,0,0,0,True,,65,regular_term,0,2,graduate,desktop,regular_term,85.26,209.22,53.14,72.91,0.24,0.858,324.7,125.87,0.166,0.366
user_07395b9b1b65,research,desktop,0,1,2,1,2,True,,82,regular_term,2,1,graduate,desktop,regular_term,107.69,238.53,41.28,69.69,0.05,0.739,575.41,154.44,0.111,0.511
user_d501c5489c57,admin,tablet,3,0,4,2,2,False,,95,holiday,0,2,research,mobile,holiday,109.68,187.74,22.46,65.26,0.147,0.874,304.02,179.84,0.27,0.577
user_a6d65b3ff74b,faculty,mobile,3,1,4,2,0,True,,76,regular_term,1,2,admin,laptop,regular_term,111.0,217.8,30.61,86.43,0.23,0.817,588.61,128.59,0.384,0.376
user_c14113692425,faculty,laptop,0,1,3,0,2,True,,62,regular_term,2,0,faculty,mobile,regular_term,95.26,203.98,42.31,51.63,0.118,0.827,313.85,105.28,0.173,0.458
user_dbf46c78c0fc,research,tablet,1,1,0,1,0,True,,19,exam,2,1,faculty,mobile,exam,94.07,240.48,41.11,63.64,0.058,0.824,484.11,165.1,0.327,0.512
user_af8921ba6625,faculty,desktop,3,0,4,2,0,False,,86,holiday,2,1,admin,mobile,holiday,85.77,187.59,52.43,47.86,0.168,0.906,365.49,117.68,0.342,0.332
user_a3939dae30b2,faculty,mobile,0,0,2,1,3,True,,68,holiday,1,1,undergraduate,laptop,holiday,98.98,179.35,33.14,56.47,0.17,0.727,438.25,158.73,0.294,0.396
user_13e392e7c7b0,undergraduate,mobile,3,0,2,2,2,False,,115,holiday,0,2,research,tablet,holiday,99.51,190.72,37.65,60.64,0.291,0.843,542.97,149.09,0.34,0.347
user_6abf5d45119c,undergraduate,laptop,1,1,4,1,3,True,,100,regular_term,2,1,undergraduate,tablet,regular_term,82.15,206.85,53.15,55.24,0.125,0.775,477.46,145.27,0.164,0.454
user_4cddec374b43,research,laptop,0,0,4,2,0,False,,47,exam,1,2,graduate,tablet,exam,107.15,236.38,43.2,67.22,0.276,0.872,420.25,112.2,0.28,0.584
user_82788b2c7ff9,graduate,laptop,2,0,2,2,1,True,,45,regular_term,0,0,research,desktop,regular_term,95.83,232.14,27.17,71.75,0.251,0.876,330.67,121.05,0.176,0.281
user_2b1e56a4e443,faculty,laptop,2,1,3,2,1,True,,76,exam,2,1,admin,mobile,exam,119.5,181.22,24.35,44.7,0.218,0.943,398.56,151.88,0.394,0.385
user_ecead69c5de2,admin,desktop,2,1,1,2,0,False,,86,regular_term,2,1,admin,mobile,regular_term,112.64,210.98,50.33,67.08,0.134,0.727,443.09,143.54,0.19,0.497
user_cba2df32d139,research,laptop,3,0,2,1,1,True,,85,regular_term,1,0,research,desktop,regular_term,110.19,188.15,54.2,76.05,0.295,0.856,552.07,133.05,0.158,0.442
user_0beb05f7e704,research,mobile,0,0,4,2,3,True,,92,holiday,2,1,admin,laptop,holiday,84.57,190.48,22.22,68.67,0.159,0.835,373.56,108.52,0.144,0.524
user_f756625dd908,undergraduate,desktop,3,0,1,2,0,True,,83,holiday,1,0,research,laptop,holiday,81.64,176.31,37.19,66.87,0.124,0.838,409.5,178.93,0.132,0.227
user_7317d027c5bf,undergraduate,desktop,3,1,4,0,1,True,,114,exam,2,0,undergraduate,tablet,exam,90.25,204.18,42.25,75.68,0.216,0.77,500.41,149.27,0.349,0.431
user_01b361d8c89d,undergraduate,tablet,3,0,4,1,3,True,,19,regular_term,1,1,research,tablet,regular_term,112.35,248.33,24.46,49.28,0.25,0.887,317.92,101.82,0.142,0.244
user_940d8e0f12a5,faculty,mobile,1,0,2,0,2,True,,93,regular_term,1,2,research,desktop,regular_term,82.36,238.47,34.92,65.78,0.297,0.877,502.18,136.63,0.329,0.399
user_211384627787,admin,tablet,0,0,4,2,0,False,,19,holiday,1,1,graduate,desktop,holiday,90.66,170.08,29.97,55.89,0.275,0.84,535.01,122.54,0.331,0.205
user_0de1de4f8433,research,tablet,3,1,1,0,2,True,,72,holiday,0,2,graduate,laptop,holiday,95.72,179.37,45.26,74.66,0.271,0.93,559.42,162.49,0.119,0.317
user_664a473fc6e9,research,laptop,2,1,3,2,2,True,,84,regular_term,2,1,graduate,laptop,regular_term,115.11,239.22,37.68,43.16,0.223,0.886,521.28,126.35,0.234,0.337
user_317f7e1e5275,graduate,tablet,2,0,2,1,1,False,,64,holiday,2,2,admin,laptop,holiday,110.26,173.46,48.08,74.18,0.059,0.729,354.6,134.69,0.212,0.256
user_d2dfcbddba53,research,laptop,3,1,3,2,1,True,,54,exam,1,0,faculty,desktop,exam,80.46,210.21,20.23,63.42,0.275,0.949,519.18,140.27,0.159,0.316
user_8d4ea4c0678e,faculty,desktop,1,0,2,1,3,False,,100,regular_term,1,2,research,laptop,regular_term,93.66,220.22,59.46,67.94,0.161,0.944,456.52,106.17,0.184,0.311
user_49d698414a26,graduate,laptop,2,0,3,1,2,True,,116,exam,0,2,faculty,tablet,exam,85.26,173.4,35.83,83.35,0.286,0.71,439.81,100.68,0.248,0.244
user_4785e56517fd,admin,mobile,2,0,1,2,3,True,,89,regular_term,2,0,research,mobile,regular_term,100.51,241.46,56.35,44.3,0.159,0.715,566.89,156.25,0.192,0.441
user_caf86d54426f,undergraduate,mobile,3,1,4,1,1,True,,16,exam,1,2,graduate,laptop,exam,94.79,213.0,43.14,49.42,0.187,0.756,514.29,144.04,0.292,0.286
user_5d3cc1624b59,research,mobile,2,1,4,2,3,True,,112,holiday,0,1,faculty,laptop,holiday,108.13,192.25,23.87,82.1,0.134,0.801,412.84,165.37,0.348,0.513
user_cc745b454c49,undergraduate,desktop,0,1,4,0,3,True,,68,holiday,1,1,admin,mobile,holiday,84.28,154.54,56.34,59.6,0.134,0.902,331.96,178.24,0.135,0.228
user_8dd372a284f0,research,desktop,1,0,0,0,1,True,,98,holiday,0,2,admin,laptop,holiday,89.84,238.45,58.51,49.61,0.252,0.741,301.68,178.53,0.156,0.535
user_2aff471c061b,graduate,laptop,3,1,2,1,0,True,,44,exam,2,0,research,mobile,exam,93.0,156.15,26.31,40.74,0.176,0.736,415.28,143.33,0.284,0.525
user_7c43fae71925,graduate,mobile,1,0,3,1,2,True,,73,holiday,2,0,faculty,tablet,holiday,118.57,249.42,37.91,88.98,0.132,0.82,509.55,167.38,0.101,0.316
user_1342a2a05019,graduate,tablet,1,1,2,1,1,True,,44,regular_term,1,2,faculty,tablet,regular_term,93.7,174.4,24.6,88.99,0.276,0.892,526.14,168.92,0.299,0.396
user_51d4796cd29d,graduate,tablet,1,1,0,1,3,True,,13,holiday,1,1,graduate,tablet,holiday,87.32,245.11,56.73,69.48,0.058,0.782,405.94,125.98,0.395,0.226
user_83124752471b,undergraduate,mobile,1,1,1,0,1,True,,86,regular_term,1,1,research,mobile,regular_term,101.86,193.36,25.03,42.37,0.23,0.909,378.65,168.41,0.357,0.555
user_ca2840ac9183,graduate,tablet,1,0,3,0,2,True,,101,exam,2,1,admin,tablet,exam,100.97,175.26,50.08,75.44,0.283,0.863,465.06,139.55,0.392,0.414
user_7ebea1327ce6,admin,laptop,3,0,1,0,3,True,,44,regular_term,0,1,undergraduate,mobile,regular_term,90.5,156.88,34.7,85.72,0.158,0.721,530.92,143.0,0.242,0.467
user_8e5e5980cff0,graduate,tablet,2,1,4,0,2,False,,10,exam,1,0,graduate,mobile,exam,82.59,217.61,32.63,58.04,0.216,0.872,543.7,138.1,0.373,0.543
user_0ba650e06ef6,undergraduate,mobile,2,1,3,2,1,False,,11,holiday,2,1,faculty,laptop,holiday,82.13,175.79,30.6,48.4,0.163,0.924,402.7,177.35,0.226,0.548
user_8ee90d2bd167,faculty,tablet,2,0,4,0,3,True,,104,regular_term,0,2,undergraduate,tablet,regular_term,111.6,238.22,47.84,87.41,0.194,0.77,329.15,148.67,0.211,0.214
user_a57d1d7e4141,undergraduate,tablet,0,1,0,1,3,True,,76,holiday,0,1,faculty,desktop,holiday,102.73,182.34,40.05,41.49,0.089,0.886,308.68,179.26,0.232,0.498
user_a5c793584405,undergraduate,laptop,1,1,3,1,0,True,,26,regular_term,0,2,undergraduate,tablet,regular_term,99.56,220.15,50.83,60.25,0.223,0.701,590.53,104.87,0.159,0.579
user_86d4ed11c7e9,graduate,laptop,1,1,2,0,0,True,,57,regular_term,1,1,faculty,desktop,regular_term,110.27,178.77,31.83,50.74,0.146,0.89,379.55,146.13,0.318,0.486
user_f529e42d6687,research,desktop,1,0,2,1,1,True,,86,holiday,2,1,faculty,mobile,holiday,110.13,213.89,40.48,74.69,0.117,0.925,498.08,135.77,0.234,0.487
user_8389330ddbe4,admin,mobile,1,0,3,0,1,True,,94,holiday,2,0,research,laptop,holiday,111.86,201.08,40.09,71.26,0.207,0.92,437.51,103.23,0.385,0.53
user_12c69d35faab,research,tablet,1,0,1,0,0,True,,71,regular_term,0,1,faculty,desktop,regular_term,99.41,185.19,58.86,72.45,0.202,0.836,562.74,140.33,0.269,0.235
user_7f57cc1d4bf6,undergraduate,laptop,1,1,2,1,1,True,,35,exam,2,1,admin,desktop,exam,110.83,187.86,26.91,67.82,0.054,0.759,300.17,141.03,0.399,0.399
user_30a2c4a17ab4,admin,desktop,3,1,1,1,2,True,,41,regular_term,2,2,undergraduate,mobile,regular_term,107.02,212.62,28.93,74.45,0.183,0.81,446.3,122.84,0.172,0.497
user_e4c5d4bfe32d,research,laptop,2,0,3,2,1,True,,87,regular_term,2,2,undergraduate,mobile,regular_term,92.29,197.37,39.57,62.33,0.284,0.826,544.76,154.58,0.26,0.355
user_198e8229e1cb,admin,tablet,2,1,2,0,2,True,,46,holiday,2,0,undergraduate,desktop,holiday,111.55,171.22,45.49,53.21,0.264,0.81,555.52,146.48,0.216,0.588
user_82c9370a0797,research,tablet,0,1,1,2,0,True,,69,holiday,2,1,admin,laptop,holiday,93.72,197.76,54.11,54.36,0.209,0.874,325.9,120.85,0.383,0.593
user_09c13739778f,faculty,desktop,3,1,4,2,1,True,,85,regular_term,1,0,admin,desktop,regular_term,110.25,196.0,57.85,46.68,0.255,0.718,402.25,162.45,0.242,0.575
user_bd5abddb0190,graduate,desktop,2,1,3,1,0,True,,78,holiday,0,1,admin,laptop,holiday,106.41,230.01,44.17,67.79,0.204,0.916,437.04,118.06,0.108,0.419
user_237e805d1025,faculty,mobile,3,1,3,1,2,True,,117,holiday,1,1,research,laptop,holiday,96.41,227.76,36.07,65.0,0.297,0.925,315.31,176.7,0.394,0.588
user_8a2c55071681,admin,desktop,0,0,0,1,1,True,,39,regular_term,1,1,research,tablet,regular_term,80.38,172.12,54.31,46.26,0.173,0.866,517.11,127.83,0.251,0.385
user_b55268bca33b,undergraduate,mobile,2,1,3,1,0,False,,51,regular_term,0,1,research,desktop,regular_term,117.93,156.34,27.29,78.49,0.168,0.869,302.44,149.15,0.319,0.262
user_fdb07930883e,graduate,mobile,3,0,2,2,2,True,,6,regular_term,0,0,graduate,laptop,regular_term,115.54,222.6,47.92,51.88,0.253,0.792,533.88,176.98,0.381,0.258
user_98c7b5740290,faculty,desktop,0,0,2,0,2,True,,64,holiday,1,2,graduate,tablet,holiday,83.91,176.19,59.14,40.39,0.27,0.87,313.64,113.46,0.237,0.242
user_2cd4c3d0710c,admin,mobile,2,0,4,2,1,True,,32,holiday,0,1,graduate,laptop,holiday,117.86,230.01,30.2,85.22,0.249,0.777,405.41,178.66,0.123,0.267
user_05fc0a7707ce,admin,mobile,1,0,1,1,3,True,,48,exam,2,1,research,tablet,exam,102.67,233.92,25.75,53.98,0.181,0.948,472.15,124.04,0.209,0.489
user_4772b7636cc8,graduate,laptop,2,0,4,2,2,True,,59,exam,0,2,research,mobile,exam,96.37,203.34,25.11,58.87,0.285,0.805,442.49,145.1,0.142,0.55
user_c49aea3609b0,undergraduate,tablet,2,1,4,2,1,False,,5,exam,0,0,faculty,desktop,exam,83.73,223.71,48.28,64.71,0.276,0.804,311.35,134.33,0.189,0.501
user_ea6f41cfed22,undergraduate,mobile,3,1,1,0,0,True,,73,exam,0,1,graduate,mobile,exam,105.25,206.58,57.02,64.77,0.083,0.777,385.73,159.53,0.377,0.238
user_a28a7b2c83c6,graduate,tablet,3,0,0,2,1,True,,37,holiday,1,1,admin,tablet,holiday,80.39,186.54,26.29,67.2,0.181,0.794,385.28,125.88,0.335,0.247
user_d3d7cef9fcac,admin,mobile,2,1,2,1,3,True,,10,regular_term,1,2,admin,laptop,regular_term,91.91,187.24,28.74,61.33,0.064,0.852,546.88,135.09,0.377,0.478
user_bb1e893304f8,faculty,laptop,0,0,3,0,0,True,,18,regular_term,0,1,admin,mobile,regular_term,108.2,232.9,33.23,75.33,0.259,0.779,522.21,169.28,0.25,0.595
user_f97a67282e57,undergraduate,desktop,3,0,3,1,1,True,,117,regular_term,1,1,graduate,mobile,regular_term,90.12,160.91,46.39,44.59,0.077,0.718,488.81,168.43,0.331,0.452
user_97719f1252f0,graduate,desktop,1,0,4,0,0,True,,83,exam,1,0,research,laptop,exam,105.44,249.28,25.53,70.28,0.095,0.928,468.41,170.77,0.203,0.203
user_c9a5517bf318,graduate,desktop,2,1,4,1,0,True,,20,exam,2,0,graduate,desktop,exam,88.87,223.38,44.04,67.13,0.139,0.704,494.46,157.91,0.345,0.578
user_de39047a7d22,undergraduate,laptop,3,0,2,2,0,True,,94,regular_term,0,1,admin,tablet,regular_term,86.45,184.88,42.59,69.09,0.179,0.834,407.48,105.62,0.168,0.576
user_130d7d03e8e0,undergraduate,tablet,3,1,0,2,3,True,,20,exam,2,0,research,laptop,exam,94.7,247.5,54.42,77.85,0.09,0.739,392.83,117.14,0.23,0.429
user_bae253c3a032,graduate,mobile,3,1,3,0,0,True,,22,regular_term,1,2,undergraduate,laptop,regular_term,112.69,244.5,43.1,88.84,0.153,0.779,399.59,166.06,0.299,0.38
user_130139bf5679,graduate,tablet,2,1,2,0,0,True,,70,regular_term,1,0,faculty,tablet,regular_term,101.66,223.46,23.9,86.31,0.139,0.92,471.88,177.53,0.123,0.557
user_ce0e2ebc6f0e,admin,laptop,1,1,3,0,1,True,,111,holiday,0,0,undergraduate,tablet,holiday,111.09,171.44,40.41,81.17,0.186,0.823,369.12,119.8,0.26,0.573
user_810acb9fd1b2,graduate,mobile,2,1,2,1,1,True,,53,regular_term,2,2,faculty,desktop,regular_term,100.55,203.91,59.91,82.71,0.097,0.724,441.17,162.28,0.122,0.296
user_7e5e5716c8ae,admin,desktop,2,1,1,1,3,True,,104,exam,0,2,faculty,desktop,exam,94.24,205.76,28.49,85.56,0.094,0.792,345.43,169.71,0.245,0.433
user_26cfa06626cf,graduate,tablet,1,1,1,2,3,True,,52,exam,2,2,faculty,mobile,exam,113.97,209.51,53.54,64.55,0.147,0.75,521.56,121.98,0.25,0.595
user_dc3c91e0fc9d,faculty,tablet,3,1,1,2,1,True,,10,regular_term,0,2,graduate,laptop,regular_term,88.67,178.75,36.72,80.95,0.276,0.73,370.54,135.31,0.121,0.481
user_990c4feffff5,graduate,mobile,3,1,2,0,0,True,,18,regular_term,2,2,graduate,tablet,regular_term,104.2,178.67,54.65,87.29,0.289,0.721,560.87,120.77,0.139,0.245
user_627bd91bc850,graduate,mobile,0,0,1,0,0,True,,85,regular_term,2,0,faculty,mobile,regular_term,108.11,214.97,29.71,52.97,0.244,0.821,488.22,155.85,0.394,0.399
user_e4b03657fcc5,faculty,desktop,2,0,0,2,3,True,,17,regular_term,1,1,admin,tablet,regular_term,113.63,224.04,39.25,50.44,0.122,0.709,504.61,157.97,0.137,0.274
user_2a9f64a5da76,admin,desktop,3,1,3,1,1,True,,48,regular_term,2,0,admin,tablet,regular_term,104.05,154.98,35.52,48.9,0.283,0.854,486.77,138.66,0.268,0.374
user_12f14736007f,research,mobile,3,1,0,2,0,True,,73,holiday,2,0,graduate,desktop,holiday,83.25,204.08,48.93,57.93,0.298,0.786,594.87,127.2,0.278,0.346
user_edca3a1a06db,undergraduate,desktop,2,0,3,1,2,True,,38,holiday,0,2,faculty,tablet,holiday,86.34,165.5,50.98,73.11,0.076,0.918,403.54,166.44,0.239,0.333
user_7fd2ee550f53,undergraduate,laptop,1,1,3,0,1,True,,64,regular_term,2,2,faculty,desktop,regular_term,84.25,203.29,33.89,51.26,0.258,0.921,520.65,127.67,0.269,0.257
user_9b9474b360eb,undergraduate,laptop,3,0,1,1,1,True,,113,exam,2,1,admin,desktop,exam,96.8,165.05,37.59,42.64,0.114,0.923,441.58,170.53,0.13,0.31
user_9ef7ac523b27,undergraduate,laptop,1,1,4,1,3,True,,77,holiday,0,1,faculty,tablet,holiday,89.8,219.96,56.87,69.73,0.099,0.896,500.1,150.86,0.111,0.298
user_de4e1a37c638,admin,tablet,1,0,2,0,0,True,,98,exam,1,0,admin,tablet,exam,80.16,161.87,40.8,62.44,0.291,0.757,329.33,165.56,0.391,0.41
user_86e674f95731,research,tablet,3,1,4,1,1,True,,91,exam,0,2,graduate,tablet,exam,106.41,213.43,36.07,87.64,0.073,0.809,420.55,127.68,0.339,0.559
user_c08b25c73eeb,admin,tablet,1,1,3,2,2,True,,11,regular_term,1,0,research,mobile,regular_term,95.35,219.61,36.84,58.94,0.11,0.713,484.07,175.56,0.107,0.258
user_3e8303d8ea07,undergraduate,laptop,2,1,4,2,2,True,,30,holiday,1,2,admin,mobile,holiday,89.16,198.12,20.26,46.82,0.243,0.844,439.92,177.13,0.399,0.308
user_a4ab113bc66c,graduate,mobile,3,1,4,0,1,True,,117,holiday,1,1,admin,desktop,holiday,82.6,221.34,33.68,41.8,0.14,0.945,562.11,144.2,0.159,0.382
user_fd0954f0f657,admin,tablet,3,1,2,0,1,True,,11,holiday,0,0,research,desktop,holiday,98.51,219.29,56.99,51.48,0.286,0.833,346.74,122.07,0.221,0.494
user_56e95fca5f88,research,desktop,1,0,1,2,1,False,,18,exam,2,2,undergraduate,laptop,exam,103.41,214.32,30.87,67.9,0.206,0.841,595.75,114.56,0.108,0.246
user_12a3fb505534,faculty,desktop,0,0,4,1,2,True,,56,exam,1,0,graduate,laptop,exam,110.56,202.76,26.11,82.72,0.183,0.861,440.23,119.47,0.189,0.21
user_7a9af7e958d5,graduate,tablet,1,0,3,1,0,True,,43,holiday,2,0,admin,tablet,holiday,100.16,214.52,47.42,83.71,0.18,0.885,319.67,143.33,0.283,0.426
user_0dc69c8533f0,undergraduate,desktop,2,1,4,1,2,True,,9,exam,2,1,undergraduate,mobile,exam,91.18,248.47,51.69,50.65,0.118,0.842,595.09,166.72,0.266,0.231
user_291e2566773c,graduate,desktop,3,1,3,0,0,True,,84,regular_term,2,1,research,desktop,regular_term,96.07,209.68,49.24,88.01,0.187,0.794,443.52,126.77,0.319,0.452
user_ed62ca450f8c,admin,tablet,1,0,2,2,0,True,,25,exam,2,1,graduate,desktop,exam,117.02,219.66,34.48,51.3,0.1,0.763,338.35,120.89,0.394,0.569
user_44bd1509a944,graduate,desktop,3,0,2,1,1,False,,91,holiday,2,1,admin,mobile,holiday,96.67,186.39,20.93,78.68,0.23,0.943,359.81,115.61,0.264,0.266
user_40553d1bf970,undergraduate,tablet,3,0,2,0,0,True,,33,holiday,0,1,undergraduate,desktop,holiday,82.94,204.37,58.3,51.8,0.197,0.901,338.26,101.35,0.102,0.39
user_470a180b919d,undergraduate,mobile,3,1,0,1,2,True,,83,holiday,0,1,admin,desktop,holiday,112.98,204.34,28.35,72.91,0.085,0.712,465.11,144.02,0.176,0.55
user_f2578b371e73,admin,mobile,3,1,1,0,2,True,,24,exam,2,2,research,tablet,exam,88.91,174.03,53.16,49.46,0.164,0.903,555.91,178.73,0.351,0.277
user_67d3ca7c3ffe,research,tablet,3,1,2,1,2,True,,61,holiday,1,2,graduate,mobile,holiday,111.57,160.51,33.47,78.12,0.083,0.755,482.88,131.7,0.135,0.565
user_48538648466b,faculty,laptop,0,1,2,2,1,True,,61,exam,2,1,undergraduate,tablet,exam,109.25,153.7,25.58,77.83,0.205,0.74,421.1,116.85,0.101,0.307
user_08ce25fddc6a,admin,desktop,0,0,2,2,0,True,,21,regular_term,0,2,graduate,laptop,regular_term,107.63,220.41,35.2,66.9,0.275,0.72,367.34,111.53,0.219,0.507
user_816ced08aef8,graduate,laptop,0,1,2,1,0,False,,27,holiday,1,1,research,desktop,holiday,88.75,187.03,49.95,66.39,0.288,0.798,328.8,171.04,0.236,0.498
user_5a820d8d72e2,research,mobile,0,0,0,2,0,True,,12,exam,1,2,faculty,mobile,exam,86.5,160.61,46.54,51.09,0.261,0.891,578.95,138.28,0.141,0.209
user_4cfa1b5d93b9,research,mobile,3,1,0,0,3,True,,7,regular_term,2,1,faculty,mobile,regular_term,81.25,234.21,49.84,71.31,0.118,0.754,322.16,100.16,0.217,0.453
user_e52c8ad3868a,admin,desktop,2,1,3,1,3,True,,65,holiday,0,2,admin,desktop,holiday,86.89,151.98,37.1,49.02,0.101,0.791,577.09,156.64,0.14,0.489
user_121a21456420,admin,tablet,2,1,2,1,2,True,,40,regular_term,1,0,faculty,laptop,regular_term,85.68,179.01,58.01,77.32,0.27,0.935,319.34,170.8,0.108,0.315
user_fa68276dad50,graduate,mobile,3,0,3,2,3,True,,56,regular_term,0,2,research,desktop,regular_term,86.12,249.45,39.69,45.68,0.081,0.922,307.87,162.03,0.295,0.488
user_04fd765f3330,graduate,laptop,1,0,4,1,1,True,,75,regular_term,0,0,research,laptop,regular_term,108.85,226.93,47.86,79.72,0.127,0.897,405.1,139.77,0.374,0.347
user_6b7ca155c433,admin,tablet,3,1,1,2,1,True,,93,holiday,1,1,undergraduate,tablet,holiday,111.4,244.15,41.93,52.77,0.173,0.755,371.84,112.43,0.342,0.566
user_02d1d2b4893c,graduate,desktop,2,1,2,2,0,True,,60,holiday,1,1,admin,tablet,holiday,112.25,159.33,33.68,69.03,0.176,0.892,537.42,138.51,0.184,0.296
user_98e847bad311,research,desktop,3,0,1,0,2,True,,5,exam,1,1,undergraduate,laptop,exam,108.96,188.27,56.85,87.42,0.144,0.817,392.81,140.8,0.245,0.451
user_9f43008640f7,undergraduate,tablet,3,1,3,2,1,True,,85,holiday,0,0,research,mobile,holiday,109.1,200.26,23.19,53.03,0.064,0.931,326.38,140.91,0.382,0.396
user_26220b8fbb78,graduate,laptop,0,1,4,1,2,True,,76,holiday,0,0,undergraduate,desktop,holiday,86.46,225.17,36.3,57.99,0.215,0.878,548.5,123.33,0.156,0.575
user_895d35d71bf3,faculty,laptop,0,1,2,2,2,True,,45,holiday,0,1,faculty,desktop,holiday,93.89,162.35,22.67,83.7,0.25,0.927,559.03,107.42,0.274,0.54
user_6d0e337a686d,faculty,laptop,0,0,0,1,3,True,,80,exam,2,2,admin,mobile,exam,103.22,224.49,54.26,47.45,0.213,0.875,336.87,153.12,0.172,0.436
user_9b404aaab178,graduate,mobile,2,1,3,0,0,True,,109,holiday,0,1,graduate,mobile,holiday,93.06,177.65,29.22,56.55,0.213,0.714,429.95,150.41,0.122,0.387
user_05d8779492e0,undergraduate,laptop,2,1,1,1,3,True,,10,holiday,1,2,graduate,mobile,holiday,82.51,224.47,31.75,72.9,0.195,0.836,340.42,167.97,0.149,0.523
user_92873529a38e,undergraduate,mobile,1,0,0,1,1,True,,59,exam,2,1,research,tablet,exam,103.19,173.46,47.58,79.44,0.086,0.828,567.4,134.75,0.267,0.233
user_4a3d0f0f717c,undergraduate,mobile,0,0,4,2,2,True,,81,regular_term,2,1,faculty,desktop,regular_term,82.54,159.0,58.04,72.04,0.217,0.767,599.64,116.93,0.38,0.395
user_3dfaf0a21ecf,undergraduate,laptop,1,0,0,2,1,True,,95,regular_term,0,2,undergraduate,mobile,regular_term,99.44,218.85,40.16,47.87,0.155,0.894,459.78,103.2,0.354,0.304
user_b106d35352e2,graduate,mobile,2,0,0,1,1,True,,105,exam,2,2,admin,laptop,exam,92.22,237.07,50.73,69.7,0.212,0.76,487.18,146.7,0.262,0.336
user_a76ba83fe32d,undergraduate,mobile,2,1,1,0,1,True,,109,holiday,2,1,faculty,desktop,holiday,102.48,219.55,32.48,50.12,0.282,0.81,581.03,170.76,0.202,0.299
user_d8be17035fa2,research,laptop,2,0,1,2,1,True,,115,exam,1,0,graduate,laptop,exam,80.32,200.91,23.73,55.14,0.084,0.806,317.83,128.27,0.148,0.218
user_96dd938e8691,admin,desktop,0,0,2,0,0,True,,101,holiday,2,1,undergraduate,tablet,holiday,85.36,240.4,33.47,88.39,0.197,0.947,335.35,124.42,0.254,0.565
user_0752eb69a254,undergraduate,mobile,3,1,2,1,2,True,,83,holiday,0,0,undergraduate,tablet,holiday,97.11,188.56,56.4,62.1,0.184,0.76,463.41,162.56,0.287,0.447
user_e3dde8ef5fec,graduate,laptop,0,0,2,2,1,False,,14,holiday,1,0,undergraduate,mobile,holiday,116.78,210.97,21.12,89.39,0.055,0.935,553.07,115.19,0.13,0.59
user_d07f90c64c24,faculty,desktop,1,1,4,2,2,True,,25,holiday,0,2,faculty,mobile,holiday,108.88,216.02,57.56,67.24,0.068,0.828,396.63,111.82,0.388,0.549
user_b66523d47a5e,admin,desktop,1,0,2,1,0,True,,120,holiday,1,1,undergraduate,tablet,holiday,108.53,202.45,33.21,61.46,0.069,0.714,378.53,163.44,0.104,0.225
user_2e61e428bccd,graduate,desktop,0,1,0,2,0,True,,66,regular_term,2,2,graduate,laptop,regular_term,118.11,174.5,55.95,74.65,0.087,0.875,385.58,136.69,0.323,0.252
user_5d2a5041a31a,graduate,mobile,1,1,4,2,0,True,,53,exam,2,2,undergraduate,mobile,exam,116.59,160.08,30.53,76.96,0.188,0.847,432.57,144.65,0.164,0.405
user_536e1f061458,admin,laptop,3,1,1,2,1,False,,19,regular_term,1,2,faculty,tablet,regular_term,96.68,239.24,47.31,73.22,0.058,0.876,485.09,154.4,0.12,0.323
user_94554dba516f,research,laptop,2,1,2,1,1,True,,104,regular_term,0,0,faculty,laptop,regular_term,112.6,241.07,28.12,78.89,0.248,0.739,415.1,101.84,0.325,0.264
user_417eb0bb2786,graduate,laptop,1,0,1,0,2,True,,80,regular_term,2,1,research,mobile,regular_term,83.55,200.05,49.64,52.64,0.26,0.938,336.32,138.39,0.123,0.444
user_5dd03c64e24a,undergraduate,mobile,2,0,0,1,0,True,,59,regular_term,0,2,undergraduate,desktop,regular_term,108.49,224.96,33.43,87.05,0.27,0.863,549.16,136.94,0.392,0.245
user_8e90bbd5ebfb,graduate,laptop,0,1,4,0,1,True,,51,holiday,1,1,faculty,tablet,holiday,104.21,217.99,20.98,43.6,0.154,0.925,355.07,160.84,0.2,0.569
user_ccd71fd013ba,faculty,tablet,3,1,3,1,0,True,,71,exam,2,1,faculty,tablet,exam,117.5,194.65,27.92,81.68,0.226,0.829,407.75,164.56,0.218,0.276
user_288f4a2ea2df,admin,desktop,1,1,2,2,1,True,,72,exam,0,2,undergraduate,tablet,exam,113.63,192.7,50.15,88.78,0.294,0.763,552.79,134.94,0.337,0.377
user_93b7473db1f7,faculty,tablet,0,0,3,2,1,True,,47,exam,1,0,graduate,tablet,exam,113.41,193.68,52.97,60.89,0.088,0.869,528.14,129.74,0.365,0.38
user_894edb2d847d,research,laptop,3,1,3,2,2,True,,96,holiday,0,0,undergraduate,mobile,holiday,106.69,228.63,52.29,50.73,0.15,0.88,485.65,146.62,0.326,0.278
user_1d4cb99fac1b,graduate,laptop,2,0,2,2,0,True,,16,regular_term,1,2,admin,mobile,regular_term,103.09,173.83,45.16,60.91,0.166,0.907,491.3,121.81,0.357,0.44
user_1333cf980dac,admin,tablet,1,0,0,2,1,True,,106,exam,1,1,research,laptop,exam,100.36,233.74,59.73,74.8,0.195,0.887,348.23,115.74,0.103,0.317
user_05803693ad3c,undergraduate,mobile,2,1,4,1,1,True,,5,regular_term,0,0,undergraduate,mobile,regular_term,86.82,200.24,43.16,58.39,0.066,0.853,462.74,118.75,0.29,0.269
user_a90a51299db9,undergraduate,tablet,0,0,3,2,0,True,,58,holiday,1,1,undergraduate,desktop,holiday,84.2,215.53,36.32,51.41,0.294,0.788,516.35,153.74,0.161,0.246
user_165038e89688,faculty,desktop,0,0,2,2,0,True,,35,holiday,0,1,admin,tablet,holiday,87.43,163.56,42.19,73.88,0.147,0.749,321.6,100.26,0.104,0.283
user_83a0baecc116,research,laptop,1,0,2,2,0,True,,42,holiday,2,2,faculty,mobile,holiday,111.96,169.22,47.31,40.73,0.066,0.788,479.32,125.3,0.188,0.498
user_8bd59f4b3d8c,faculty,tablet,3,0,2,0,0,True,,106,holiday,2,0,undergraduate,laptop,holiday,97.74,244.7,36.53,70.13,0.175,0.809,390.75,158.63,0.206,0.49
user_24eba9ddb5b7,faculty,laptop,3,0,4,1,2,True,,75,holiday,2,0,undergraduate,laptop,holiday,89.4,189.14,59.58,40.59,0.098,0.933,324.93,103.96,0.274,0.389
user_79728c3b9ec2,graduate,mobile,0,1,4,2,3,True,,69,regular_term,1,2,graduate,desktop,regular_term,111.95,235.84,51.94,73.0,0.112,0.739,580.89,142.98,0.363,0.381
user_5a2433919bc4,research,tablet,2,0,0,0,3,True,,73,exam,2,0,graduate,tablet,exam,92.58,240.88,33.73,59.76,0.09,0.828,301.8,144.11,0.39,0.431
user_96f96cd81fcc,faculty,desktop,0,1,2,1,2,True,,109,holiday,1,0,faculty,mobile,holiday,101.93,163.19,42.78,62.97,0.108,0.899,484.72,156.43,0.276,0.496
user_a1c52fc32e8b,undergraduate,desktop,3,0,0,1,1,True,,116,regular_term,0,2,graduate,mobile,regular_term,109.43,225.03,47.03,45.67,0.113,0.709,501.65,134.85,0.289,0.459
user_8d6b3d9de5bb,research,laptop,1,0,3,2,2,True,,42,holiday,1,2,admin,desktop,holiday,119.36,218.57,56.2,50.6,0.115,0.931,411.81,112.2,0.257,0.561
user_f99518469a0b,research,laptop,1,0,3,1,1,False,,12,regular_term,2,1,undergraduate,mobile,regular_term,117.51,203.75,27.33,83.25,0.2,0.95,488.1,153.52,0.154,0.524
user_313daed77953,undergraduate,tablet,1,1,0,0,2,True,,111,exam,0,2,faculty,mobile,exam,119.36,248.86,57.32,72.8,0.201,0.939,465.94,133.76,0.308,0.514
user_55aacd51280e,faculty,laptop,3,1,1,2,3,True,,113,holiday,0,1,faculty,laptop,holiday,98.27,247.44,52.18,60.6,0.188,0.725,476.46,120.03,0.228,0.488
user_08d1a31ac0f1,undergraduate,tablet,1,0,4,0,3,True,,28,holiday,1,1,graduate,mobile,holiday,82.23,179.75,29.99,58.67,0.097,0.785,587.66,100.26,0.24,0.39
user_ba1e5e6eb32a,undergraduate,laptop,1,1,3,0,1,True,,103,regular_term,2,0,research,laptop,regular_term,80.88,235.14,56.59,55.55,0.177,0.896,545.59,112.82,0.212,0.393
user_df649c553bde,undergraduate,desktop,0,0,1,0,0,True,,83,holiday,0,1,faculty,mobile,holiday,85.06,163.53,22.1,57.77,0.104,0.719,409.12,132.34,0.306,0.309
user_6fe7861449ef,research,laptop,3,0,0,0,1,True,,82,exam,0,0,undergraduate,desktop,exam,91.61,157.62,32.34,70.11,0.116,0.768,463.78,130.71,0.212,0.58
user_8e557633f786,faculty,laptop,3,0,3,1,1,True,,100,holiday,2,2,admin,mobile,holiday,109.57,229.52,48.2,67.05,0.135,0.798,519.06,146.01,0.347,0.441
user_fb0218b42f62,graduate,mobile,0,0,3,1,0,True,,97,regular_term,1,1,faculty,desktop,regular_term,102.92,157.26,59.35,62.46,0.288,0.74,414.35,156.13,0.135,0.319
user_4fe97bb961a0,undergraduate,desktop,2,0,4,1,3,True,,62,regular_term,1,2,faculty,mobile,regular_term,106.86,177.1,50.11,85.64,0.285,0.909,598.82,175.46,0.188,0.325
user_cd1b592afa84,graduate,tablet,0,1,0,2,1,True,,24,regular_term,1,2,admin,mobile,regular_term,83.8,228.71,37.39,69.43,0.16,0.823,478.15,104.52,0.4,0.528
user_01885261e452,faculty,laptop,0,1,4,0,2,True,,86,holiday,0,2,research,tablet,holiday,109.55,179.94,56.77,82.67,0.137,0.809,572.19,149.91,0.295,0.44
user_963050f75cfb,research,desktop,1,1,0,0,3,True,,19,exam,1,0,graduate,laptop,exam,93.37,215.15,23.84,50.68,0.184,0.814,589.07,167.65,0.23,0.516
user_2192764da4c8,undergraduate,mobile,2,0,0,2,2,False,,50,regular_term,0,2,graduate,tablet,regular_term,82.39,217.8,48.21,54.21,0.274,0.806,300.36,154.7,0.253,0.341
user_8492d4e46194,graduate,tablet,3,1,4,1,1,True,,82,holiday,2,1,graduate,laptop,holiday,90.49,229.89,25.06,53.12,0.069,0.705,466.39,178.05,0.202,0.385
user_e1865a8aaecc,admin,tablet,3,0,4,2,2,False,,44,exam,0,0,research,mobile,exam,109.19,226.99,54.97,53.49,0.138,0.783,507.94,154.39,0.191,0.515
user_b92ba286c03b,research,mobile,3,0,3,2,1,True,,62,holiday,1,1,graduate,tablet,holiday,85.65,239.54,41.5,48.29,0.158,0.749,358.73,128.6,0.359,0.548
user_836f883708a4,admin,laptop,1,0,2,0,1,True,,36,exam,2,2,faculty,laptop,exam,104.37,166.79,47.76,82.52,0.259,0.812,563.64,163.26,0.301,0.265
user_8ab26f8ba753,research,laptop,1,1,1,0,2,True,,64,exam,0,1,graduate,laptop,exam,117.34,238.77,28.47,86.88,0.272,0.721,345.4,164.87,0.155,0.409
user_1aeff47ca4e0,graduate,laptop,3,1,0,2,1,True,,91,holiday,2,0,admin,tablet,holiday,81.27,200.69,48.38,74.51,0.266,0.887,504.6,142.15,0.285,0.543
user_4dc2ed258f0f,research,mobile,3,0,4,2,3,True,,109,exam,2,2,graduate,desktop,exam,114.95,187.46,29.3,43.96,0.127,0.734,576.35,134.43,0.317,0.302
user_2130f9ad070c,undergraduate,mobile,2,1,2,1,0,True,,30,holiday,2,1,undergraduate,tablet,holiday,86.69,242.05,23.06,87.82,0.284,0.713,507.83,105.05,0.377,0.279
user_7ab421ab2b5b,faculty,laptop,1,0,2,2,3,True,,49,exam,1,1,undergraduate,laptop,exam,99.88,152.03,49.66,58.89,0.3,0.869,358.47,143.52,0.263,0.484
user_fb2a9cfffbd6,research,tablet,2,0,2,2,0,True,,13,holiday,0,0,faculty,laptop,holiday,101.4,182.76,53.74,51.79,0.247,0.747,412.89,113.11,0.375,0.516
user_471408449fba,research,desktop,2,1,4,0,0,True,,106,exam,2,0,admin,laptop,exam,88.17,193.32,25.92,70.35,0.246,0.792,350.34,100.01,0.106,0.437
user_69fc45c29ae4,graduate,mobile,2,1,1,1,2,True,,111,regular_term,1,2,admin,tablet,regular_term,88.09,195.77,27.07,80.17,0.296,0.736,387.65,117.72,0.304,0.314
user_0ce7d79fe19b,faculty,desktop,0,1,0,1,1,False,,83,regular_term,1,1,research,mobile,regular_term,101.5,246.98,53.55,85.23,0.139,0.844,365.62,129.18,0.18,0.2
user_45286d6ba8bf,undergraduate,laptop,1,0,1,2,2,True,,56,holiday,2,2,admin,mobile,holiday,107.5,202.14,41.38,88.47,0.254,0.748,381.88,150.12,0.397,0.325
user_603f8795757e,admin,laptop,1,1,1,1,0,True,,14,regular_term,2,0,research,desktop,regular_term,99.63,184.25,52.48,83.35,0.136,0.812,551.36,128.12,0.281,0.525
user_09d28030f5da,graduate,laptop,0,1,2,1,1,True,,87,holiday,2,1,undergraduate,laptop,holiday,83.3,212.89,27.58,78.97,0.065,0.748,491.21,174.14,0.379,0.344
user_71fe4238460f,admin,mobile,1,1,0,1,1,True,,71,regular_term,1,1,research,tablet,regular_term,119.74,236.33,53.42,59.75,0.062,0.903,499.68,131.73,0.226,0.469
user_32aae0991bd0,admin,desktop,1,1,0,0,1,True,,15,exam,0,0,faculty,mobile,exam,91.91,234.69,57.14,54.05,0.191,0.944,593.05,151.0,0.352,0.391
user_64a3e946ddda,undergraduate,tablet,3,0,4,0,2,True,,81,regular_term,0,1,admin,tablet,regular_term,119.46,245.37,43.71,73.77,0.195,0.896,520.63,125.52,0.11,0.284
user_c7c04ab24840,graduate,mobile,0,0,4,0,1,True,,11,holiday,2,2,admin,desktop,holiday,109.54,172.61,48.86,69.09,0.089,0.908,562.12,132.52,0.144,0.408
user_a1525cb118e4,graduate,laptop,0,0,2,1,0,True,,30,holiday,0,2,undergraduate,desktop,holiday,99.75,198.2,30.66,82.56,0.171,0.743,517.4,111.7,0.263,0.34
user_7b5c5530e66a,faculty,tablet,1,0,2,2,3,True,,92,holiday,2,0,research,mobile,holiday,99.12,161.84,20.63,42.39,0.296,0.852,548.75,161.87,0.153,0.579
user_0788dc8846ea,admin,laptop,0,1,3,1,2,True,,59,holiday,1,1,undergraduate,tablet,holiday,105.05,219.75,51.3,49.02,0.114,0.708,315.74,166.51,0.142,0.48
user_27e262afa162,graduate,desktop,1,1,1,1,0,True,,53,holiday,1,2,undergraduate,tablet,holiday,82.99,151.96,48.68,41.97,0.218,0.945,543.0,137.49,0.275,0.327
user_426e06454f8e,research,tablet,2,1,2,1,3,True,,34,holiday,0,0,graduate,mobile,holiday,97.59,190.74,40.86,61.47,0.153,0.889,487.44,126.6,0.4,0.511
user_462326444fe0,undergraduate,mobile,0,0,4,0,3,True,,41,holiday,0,0,admin,tablet,holiday,97.29,174.19,58.97,40.96,0.229,0.78,500.45,131.06,0.357,0.277
user_699e61af778e,admin,mobile,1,0,1,2,3,True,,54,exam,2,2,faculty,desktop,exam,82.46,218.17,26.88,54.02,0.068,0.882,371.29,177.2,0.323,0.244
user_972df4991fde,undergraduate,tablet,3,0,1,1,2,True,,22,exam,2,2,research,laptop,exam,100.67,217.28,20.37,75.5,0.1,0.793,380.71,172.23,0.113,0.576
user_1da2c789ef90,admin,laptop,3,0,1,1,2,True,,67,exam,2,1,faculty,tablet,exam,89.73,207.63,55.68,68.66,0.072,0.88,321.31,140.62,0.103,0.212
user_10766ecd84b1,research,laptop,2,1,2,2,2,True,,56,exam,0,2,graduate,tablet,exam,104.62,156.33,55.38,77.07,0.283,0.785,548.91,133.85,0.239,0.421
user_0176acf58c64,research,mobile,0,1,1,0,0,True,,6,holiday,1,2,graduate,desktop,holiday,106.26,153.46,30.42,84.79,0.152,0.747,397.09,102.79,0.365,0.463
user_f6a48b5a25ff,graduate,mobile,0,0,0,0,2,True,,58,regular_term,1,2,undergraduate,tablet,regular_term,90.11,233.84,55.57,66.77,0.069,0.812,371.34,156.73,0.252,0.241
user_8f30df330553,admin,mobile,3,0,3,2,3,True,,13,holiday,2,0,graduate,tablet,holiday,112.48,178.53,26.98,83.16,0.277,0.826,439.0,164.33,0.28,0.467
user_e8eaead3290d,research,mobile,1,0,1,2,2,True,,112,regular_term,1,0,graduate,tablet,regular_term,82.58,214.15,23.27,50.19,0.077,0.714,509.69,145.4,0.187,0.447
user_71d261bbb415,faculty,tablet,1,0,3,2,2,True,,78,exam,2,2,faculty,mobile,exam,84.51,182.02,53.25,82.36,0.183,0.87,548.73,100.4,0.275,0.552
user_4edeb24e98f3,undergraduate,mobile,0,0,0,2,2,True,,22,holiday,1,1,graduate,mobile,holiday,98.86,170.0,27.04,71.14,0.184,0.842,362.81,152.28,0.376,0.34
user_21e8cf1cf8f3,graduate,laptop,2,1,0,0,1,True,,93,exam,2,0,admin,laptop,exam,115.28,217.64,42.69,44.36,0.079,0.811,481.87,137.74,0.146,0.392
user_7b1c3bb88798,graduate,laptop,3,1,1,0,1,True,,25,holiday,1,0,faculty,desktop,holiday,111.25,213.88,29.8,58.74,0.216,0.904,512.83,171.34,0.258,0.31
user_f8506abca35b,research,tablet,1,1,0,0,1,True,,44,exam,2,1,undergraduate,desktop,exam,96.36,227.24,39.91,88.71,0.235,0.781,389.57,132.05,0.232,0.592
user_4f678390a7f3,research,tablet,2,1,2,2,1,True,,25,holiday,0,0,graduate,laptop,holiday,85.97,235.22,41.52,49.44,0.274,0.728,329.0,105.6,0.35,0.271
user_ee0a825cd71f,undergraduate,mobile,0,0,1,1,3,True,,80,regular_term,0,2,admin,desktop,regular_term,113.64,170.15,50.24,53.19,0.056,0.842,567.97,120.43,0.128,0.503
user_12800f8bbdf4,graduate,tablet,1,1,1,0,1,False,,88,exam,0,0,admin,laptop,exam,89.35,206.51,46.7,77.34,0.219,0.924,580.63,173.38,0.379,0.529
user_c1f2ee34ded4,research,desktop,0,1,0,0,2,False,,118,holiday,2,2,undergraduate,mobile,holiday,110.62,215.72,24.87,48.88,0.112,0.926,303.26,165.08,0.153,0.535
user_9d7c126624bd,undergraduate,tablet,0,1,3,2,0,True,,112,regular_term,0,1,faculty,mobile,regular_term,93.18,216.59,27.41,55.91,0.114,0.778,396.95,154.11,0.361,0.513
user_348d646133b8,graduate,mobile,1,0,0,0,2,True,,84,regular_term,2,1,graduate,laptop,regular_term,98.26,245.07,24.43,89.43,0.282,0.762,457.56,175.73,0.165,0.306
user_7940a08b6aec,research,mobile,2,0,3,1,1,True,,102,exam,1,1,admin,desktop,exam,90.9,199.91,28.55,40.07,0.072,0.883,530.4,167.41,0.231,0.352
user_9d3ed7604bdb,faculty,desktop,3,0,0,1,0,True,,34,holiday,1,0,graduate,laptop,holiday,100.58,188.78,56.73,43.56,0.132,0.729,587.81,122.39,0.101,0.338
user_2c0bc63f785e,faculty,tablet,2,0,1,0,2,True,,7,regular_term,0,1,admin,tablet,regular_term,96.66,244.13,44.25,74.02,0.266,0.837,508.55,177.31,0.2,0.511
user_8192006fdf22,faculty,laptop,0,1,3,1,0,True,,76,exam,0,2,faculty,mobile,exam,85.64,197.55,51.32,41.29,0.059,0.77,476.29,140.13,0.323,0.558
user_0e0fee8356eb,undergraduate,tablet,2,0,4,0,1,True,,99,exam,0,2,research,desktop,exam,91.51,178.1,46.18,77.22,0.289,0.949,422.36,147.06,0.368,0.357
user_6ea88b889963,research,desktop,1,0,2,0,1,True,,44,regular_term,0,1,faculty,tablet,regular_term,95.91,208.76,23.85,43.09,0.118,0.886,588.88,123.86,0.349,0.581
user_276041232e88,undergraduate,desktop,1,1,0,1,3,True,,113,regular_term,0,1,admin,tablet,regular_term,93.89,197.47,25.33,79.43,0.063,0.768,529.7,127.89,0.353,0.487
user_e35af90f2d12,admin,mobile,2,1,0,1,2,False,,92,holiday,0,1,undergraduate,mobile,holiday,91.57,224.07,23.54,86.69,0.059,0.759,434.41,166.23,0.341,0.423
user_bf96211624a7,faculty,tablet,2,0,1,2,1,True,,115,holiday,2,0,undergraduate,mobile,holiday,110.33,201.73,25.95,88.94,0.24,0.866,346.5,106.2,0.293,0.51
user_b7c64d7241be,research,tablet,1,1,0,0,2,True,,14,regular_term,1,0,research,tablet,regular_term,82.15,226.3,33.14,61.85,0.297,0.896,506.0,159.45,0.113,0.501
user_ff446a95a4bb,research,laptop,2,1,0,1,1,True,,57,holiday,1,2,research,mobile,holiday,94.22,238.82,49.25,41.94,0.186,0.73,426.51,156.22,0.327,0.203
user_739a7261aed0,admin,laptop,3,1,3,0,2,True,,34,holiday,2,2,research,laptop,holiday,84.88,208.9,31.27,68.03,0.104,0.763,483.63,148.24,0.359,0.378
user_e4256d4be563,undergraduate,tablet,1,0,4,1,2,True,,66,regular_term,0,0,admin,mobile,regular_term,98.18,248.32,29.66,42.58,0.255,0.929,318.35,163.78,0.224,0.308
user_974d11d49cbf,undergraduate,mobile,1,0,2,0,1,True,,38,regular_term,1,2,graduate,mobile,regular_term,82.52,203.61,49.93,77.88,0.095,0.814,539.32,101.03,0.145,0.568
user_9e21d8ec42d7,graduate,laptop,3,1,1,2,3,True,,101,exam,0,2,undergraduate,tablet,exam,99.18,245.92,37.43,61.11,0.299,0.936,502.75,165.82,0.175,0.475
user_6b3c6eff3bbf,research,mobile,3,1,3,1,3,False,,62,exam,0,0,faculty,mobile,exam,80.3,199.6,25.28,74.08,0.153,0.939,455.48,152.11,0.271,0.22
user_11c5e1d34df2,faculty,mobile,1,1,3,1,3,False,,118,holiday,1,2,admin,desktop,holiday,105.36,229.88,50.41,43.64,0.144,0.768,576.48,128.17,0.337,0.349
user_c0b7279e3d37,admin,desktop,3,1,3,1,3,True,,80,regular_term,1,0,admin,tablet,regular_term,113.82,243.26,50.38,41.88,0.084,0.922,493.23,151.91,0.323,0.568
user_55f999a0968e,admin,tablet,0,0,3,1,2,True,,120,exam,1,2,graduate,desktop,exam,88.31,247.73,30.55,43.07,0.264,0.726,304.71,105.33,0.171,0.225
user_c4d5f1df8574,graduate,tablet,1,0,4,2,3,True,,37,exam,1,1,undergraduate,tablet,exam,81.02,154.0,53.66,78.8,0.061,0.94,336.31,146.78,0.272,0.486
user_834d43b753a1,undergraduate,desktop,2,0,2,1,3,True,,88,regular_term,1,1,research,mobile,regular_term,94.63,221.03,58.63,54.33,0.181,0.846,524.92,155.36,0.247,0.597
user_aac2d93749d5,admin,desktop,3,0,1,2,2,True,,89,holiday,2,0,research,tablet,holiday,86.45,191.08,30.65,79.41,0.273,0.851,596.41,127.59,0.361,0.392
user_ef71b864ab4b,undergraduate,laptop,3,1,4,1,0,True,,86,exam,0,0,undergraduate,desktop,exam,94.75,167.64,57.97,56.85,0.087,0.825,560.13,157.03,0.144,0.587
user_161449c6f67b,graduate,desktop,0,1,2,0,1,False,,118,exam,1,1,faculty,laptop,exam,100.46,160.89,58.01,71.44,0.255,0.816,334.59,134.12,0.314,0.446
user_4508e7224d51,admin,laptop,1,1,2,0,0,True,,75,regular_term,1,1,undergraduate,laptop,regular_term,108.22,172.09,20.57,49.21,0.171,0.734,307.42,104.98,0.243,0.393
user_c756af0465af,faculty,laptop,2,0,3,2,3,True,,18,holiday,2,2,admin,desktop,holiday,115.81,168.35,28.26,63.62,0.105,0.733,588.58,149.12,0.309,0.473
user_b8953efb42f4,research,tablet,0,1,2,0,0,True,,61,holiday,0,1,undergraduate,laptop,holiday,108.48,228.08,23.88,59.3,0.08,0.902,520.62,128.6,0.11,0.541
user_f3738c9b2e77,admin,desktop,0,0,4,1,3,True,,48,regular_term,0,0,graduate,desktop,regular_term,104.74,208.95,23.63,50.93,0.134,0.751,513.35,171.36,0.128,0.482
user_2e524211f11d,admin,desktop,2,1,3,2,0,True,,38,holiday,2,0,faculty,desktop,holiday,99.97,233.13,44.99,59.32,0.268,0.888,590.76,173.38,0.367,0.368
user_0bbe7293d0df,graduate,desktop,1,1,0,2,3,True,,81,regular_term,2,1,undergraduate,laptop,regular_term,109.72,160.34,45.2,57.35,0.143,0.891,573.29,138.56,0.3,0.212
user_aacf1614087a,graduate,desktop,2,1,2,0,1,True,,53,exam,1,2,graduate,laptop,exam,88.49,248.59,35.38,70.48,0.058,0.944,446.4,116.76,0.124,0.359
user_756aa1a0bc8f,undergraduate,laptop,3,1,1,2,1,True,,74,regular_term,1,1,admin,desktop,regular_term,82.07,166.79,38.7,82.31,0.104,0.91,568.03,176.97,0.336,0.33
user_82959f76a0fb,graduate,desktop,0,1,2,2,3,True,,28,holiday,0,0,faculty,desktop,holiday,98.37,242.31,36.01,82.14,0.175,0.934,567.66,165.65,0.263,0.546
user_b665bda2d3f1,undergraduate,tablet,1,1,2,1,0,True,,82,exam,2,0,research,laptop,exam,80.31,249.86,45.5,45.61,0.209,0.776,500.36,100.55,0.131,0.229
user_7d7596275a34,admin,desktop,3,1,0,1,2,True,,38,exam,0,0,research,mobile,exam,114.05,170.81,39.95,87.9,0.289,0.762,334.12,149.78,0.161,0.318
user_031ce3c3893c,faculty,tablet,0,1,4,0,3,True,,109,holiday,2,1,faculty,mobile,holiday,89.52,186.71,57.37,46.61,0.228,0.911,560.27,176.1,0.117,0.43
user_0d5575cbb306,admin,desktop,3,1,0,1,1,True,,86,regular_term,0,0,research,laptop,regular_term,107.99,197.93,58.23,89.31,0.085,0.856,337.31,167.63,0.188,0.251
user_1ffd40f7aaaf,research,laptop,1,0,0,2,2,True,,62,holiday,1,0,undergraduate,mobile,holiday,115.16,244.82,52.17,50.91,0.293,0.804,447.09,130.94,0.258,0.539
user_61f8663a7997,research,laptop,2,0,2,0,3,True,,47,regular_term,0,1,admin,tablet,regular_term,117.21,196.07,24.89,61.1,0.274,0.874,356.63,139.44,0.326,0.373
user_4620317af5fe,undergraduate,laptop,3,0,1,1,0,True,,38,holiday,2,2,research,desktop,holiday,109.95,217.81,42.25,67.09,0.277,0.862,438.36,160.06,0.326,0.283
user_2e8d22c77bc1,research,desktop,0,0,4,2,2,True,,113,holiday,2,1,graduate,mobile,holiday,81.29,219.22,36.09,63.64,0.06,0.928,539.21,104.14,0.235,0.406
user_9d0067b7c8f0,undergraduate,mobile,0,0,0,0,3,True,,119,exam,0,1,research,laptop,exam,86.55,240.11,20.7,55.94,0.207,0.8,505.89,133.76,0.204,0.374
user_e34dddff7d36,faculty,desktop,2,0,2,0,1,True,,84,exam,2,0,admin,desktop,exam,89.85,247.58,38.33,51.13,0.223,0.876,541.87,157.48,0.162,0.581
user_b6cd4f1b8ce3,faculty,tablet,2,0,0,0,0,True,,43,exam,1,1,faculty,desktop,exam,95.38,186.4,55.14,68.43,0.211,0.711,557.26,102.03,0.315,0.401
user_fd1b0ea4d769,admin,laptop,1,0,3,0,0,False,,80,regular_term,1,2,faculty,laptop,regular_term,112.87,249.07,57.33,47.18,0.204,0.869,580.56,151.34,0.393,0.545
user_529ea9243dd8,graduate,mobile,1,0,1,0,2,True,,89,regular_term,1,1,faculty,desktop,regular_term,94.04,233.79,26.09,82.42,0.139,0.775,312.89,136.66,0.387,0.315
user_28539e78a9f1,research,mobile,2,1,3,2,1,True,,103,holiday,2,0,admin,laptop,holiday,112.84,199.21,27.6,69.55,0.206,0.785,479.54,150.64,0.129,0.479
user_cdffcc4057e9,admin,desktop,2,1,1,1,3,True,,91,holiday,1,0,undergraduate,laptop,holiday,100.55,227.31,51.25,89.35,0.171,0.921,302.86,138.13,0.289,0.596
user_17dc2e67c9aa,graduate,desktop,1,0,0,0,0,True,,18,exam,1,0,admin,desktop,exam,84.01,244.79,59.79,53.94,0.168,0.843,322.97,101.18,0.37,0.256
user_503e5133d056,research,laptop,2,0,4,2,1,True,,114,exam,0,1,research,tablet,exam,113.26,158.49,46.86,82.11,0.112,0.804,405.64,164.98,0.114,0.525
user_8c0b96287fef,faculty,mobile,3,0,4,2,0,True,,22,exam,1,2,admin,desktop,exam,116.18,198.0,28.16,86.72,0.091,0.865,382.8,179.09,0.271,0.521
user_65bca4f6340f,admin,desktop,1,1,0,0,1,True,,105,regular_term,0,0,graduate,mobile,regular_term,85.86,248.23,35.16,67.61,0.269,0.82,548.41,171.8,0.233,0.259
user_dbe94a9e1f66,faculty,laptop,0,1,2,1,0,True,,14,holiday,1,2,graduate,tablet,holiday,101.17,171.77,38.85,50.11,0.297,0.877,482.62,158.39,0.274,0.591
user_766d3448ef44,admin,laptop,3,1,4,2,0,True,,52,regular_term,0,1,research,mobile,regular_term,85.86,173.21,26.38,66.67,0.06,0.906,571.67,141.1,0.222,0.302
user_bd98d06e2944,undergraduate,desktop,0,0,1,0,2,False,,91,holiday,1,0,faculty,tablet,holiday,88.61,186.1,59.62,87.98,0.194,0.704,433.68,157.53,0.313,0.6
user_f8719cc90d9e,faculty,tablet,2,1,4,2,2,True,,60,holiday,0,1,research,laptop,holiday,91.38,204.32,23.22,75.68,0.115,0.947,412.47,100.71,0.183,0.282
user_11c60dac4390,research,mobile,2,0,4,2,1,True,,42,holiday,0,1,undergraduate,mobile,holiday,118.5,239.02,41.1,41.88,0.181,0.854,368.97,170.16,0.124,0.444
user_623f29b07d02,undergraduate,mobile,3,1,3,0,0,True,,87,holiday,2,2,admin,laptop,holiday,99.49,206.29,49.43,54.12,0.086,0.86,336.99,127.55,0.129,0.215
user_df4ee4064c67,research,desktop,1,1,0,0,1,True,,107,holiday,2,0,graduate,mobile,holiday,104.47,234.4,24.59,74.06,0.258,0.913,326.61,167.72,0.282,0.292
user_bfadc65d25f8,admin,desktop,2,1,1,1,3,True,,68,exam,2,0,admin,mobile,exam,92.2,193.18,43.76,79.18,0.127,0.778,387.79,138.45,0.299,0.234
user_d166fbddae8e,undergraduate,laptop,2,1,1,2,3,True,,24,exam,0,1,research,mobile,exam,100.17,227.86,55.34,43.95,0.239,0.717,435.89,158.15,0.263,0.382
user_248f2e43e8e9,admin,tablet,1,1,4,2,2,True,,31,regular_term,1,1,graduate,desktop,regular_term,116.42,156.12,32.93,85.41,0.194,0.947,579.83,115.85,0.363,0.449
user_bb10be34d9d1,faculty,mobile,2,1,0,1,3,True,,13,holiday,0,1,graduate,desktop,holiday,90.98,153.01,53.98,87.39,0.081,0.77,329.98,129.74,0.362,0.47
user_6678c97d3448,faculty,tablet,1,0,0,0,3,True,,48,regular_term,1,1,undergraduate,tablet,regular_term,83.8,209.03,40.28,67.34,0.177,0.73,449.74,126.8,0.246,0.43
user_e81224f4f72f,undergraduate,mobile,0,1,3,2,3,True,,10,holiday,1,0,admin,laptop,holiday,114.18,195.07,31.69,43.05,0.192,0.83,423.6,117.51,0.364,0.398
user_09f7ba0a50fe,admin,mobile,0,0,1,2,2,True,,45,exam,2,2,faculty,desktop,exam,93.64,237.33,51.83,42.97,0.272,0.817,329.8,157.96,0.101,0.237
user_82a5d2dee3de,research,laptop,0,0,3,2,0,False,,11,exam,2,0,research,laptop,exam,106.04,189.56,49.97,60.16,0.267,0.706,572.09,158.2,0.15,0.241
user_bd0d152bb363,faculty,mobile,0,0,0,1,2,True,,102,exam,2,2,research,tablet,exam,119.44,205.54,59.1,79.51,0.263,0.845,338.41,132.15,0.333,0.444
user_d5633f286923,admin,laptop,1,0,0,2,1,True,,118,regular_term,0,0,faculty,desktop,regular_term,87.6,197.61,56.35,55.72,0.196,0.712,384.1,106.51,0.354,0.505
user_cc6ad770e287,undergraduate,desktop,3,1,3,0,0,True,,5,regular_term,2,1,faculty,desktop,regular_term,83.65,166.72,59.58,67.59,0.285,0.849,364.8,105.34,0.138,0.39
user_eb49ff86030e,faculty,desktop,0,1,2,0,1,True,,97,holiday,1,1,faculty,tablet,holiday,115.79,157.15,42.53,45.15,0.103,0.715,382.41,168.24,0.216,0.457
user_ffbd8da60945,faculty,laptop,2,0,3,1,1,True,,71,holiday,0,1,undergraduate,tablet,holiday,98.62,150.75,35.3,61.86,0.098,0.731,490.47,154.82,0.267,0.221
user_25b534213eff,admin,laptop,3,1,3,2,0,True,,32,regular_term,2,1,faculty,tablet,regular_term,112.46,207.25,21.78,72.89,0.066,0.863,359.81,106.59,0.371,0.597
user_1f1bbbe93b6d,undergraduate,mobile,3,0,0,2,2,True,,116,exam,2,2,graduate,tablet,exam,105.81,185.84,54.33,82.64,0.148,0.776,576.27,102.38,0.397,0.549
user_276f6855c806,research,desktop,2,0,2,1,3,False,,51,holiday,2,0,admin,mobile,holiday,111.04,172.66,22.75,87.52,0.074,0.904,516.61,126.52,0.103,0.549
user_e2874abe361d,undergraduate,desktop,1,1,4,1,0,True,,87,regular_term,0,0,undergraduate,laptop,regular_term,85.83,211.89,45.26,42.4,0.099,0.812,576.58,121.21,0.213,0.483
user_bded3e0b3e2a,undergraduate,laptop,2,1,3,2,3,True,,97,exam,1,1,admin,desktop,exam,80.81,240.39,48.34,77.95,0.1,0.834,355.58,151.02,0.231,0.291
user_a684f922ef82,undergraduate,tablet,3,0,0,0,0,True,,33,exam,0,1,admin,mobile,exam,111.52,243.92,46.89,84.89,0.054,0.809,441.2,166.83,0.277,0.569
user_9359232e1484,graduate,laptop,1,0,4,0,3,False,,25,exam,0,2,faculty,tablet,exam,88.67,165.12,47.32,59.7,0.161,0.912,457.33,161.61,0.264,0.545
user_fe304bb54a2f,graduate,laptop,3,1,2,1,3,True,,93,exam,0,1,graduate,laptop,exam,80.69,155.38,30.23,74.54,0.2,0.79,546.99,105.61,0.334,0.541
user_5097bf1f64f8,faculty,mobile,0,0,3,1,3,True,,30,exam,0,2,graduate,tablet,exam,80.18,187.06,45.47,68.42,0.08,0.837,590.45,115.21,0.177,0.437
user_9e13a09e62b2,admin,mobile,2,0,3,2,2,True,,78,holiday,1,0,research,mobile,holiday,87.71,169.98,27.86,85.39,0.129,0.9,478.27,144.06,0.383,0.585
user_3ed8d24f214e,graduate,desktop,1,1,0,1,1,True,,105,holiday,1,1,faculty,mobile,holiday,89.36,151.18,46.49,48.15,0.103,0.885,507.59,173.34,0.368,0.247
user_7c0284937ecb,undergraduate,desktop,1,0,3,0,2,True,,88,regular_term,2,2,undergraduate,tablet,regular_term,93.54,232.41,43.37,64.11,0.287,0.798,322.27,155.51,0.389,0.517
user_79a8143849c7,undergraduate,laptop,0,0,2,0,1,True,,56,regular_term,0,0,undergraduate,mobile,regular_term,105.88,224.09,51.58,50.06,0.071,0.826,500.62,179.91,0.266,0.268
user_3dd62f87c5dd,undergraduate,mobile,1,1,4,1,3,True,,110,exam,2,0,undergraduate,mobile,exam,81.56,244.72,49.53,61.76,0.218,0.936,341.63,168.81,0.228,0.409
user_70bc0decad8a,faculty,desktop,2,1,4,1,2,False,,56,regular_term,2,1,undergraduate,tablet,regular_term,99.03,203.69,42.75,65.45,0.089,0.936,388.23,170.77,0.391,0.303
user_3d5b9cde3ac1,undergraduate,desktop,3,1,2,2,3,True,,120,regular_term,0,1,admin,mobile,regular_term,114.31,168.28,51.54,58.37,0.176,0.729,363.8,159.24,0.329,0.201
user_3b00414e6446,faculty,laptop,2,1,2,2,1,True,,53,regular_term,0,2,admin,tablet,regular_term,110.94,177.74,52.2,85.73,0.129,0.871,426.97,120.25,0.106,0.273
user_e0c045628ab1,graduate,laptop,1,1,0,1,3,True,,46,regular_term,1,1,graduate,mobile,regular_term,98.22,180.06,54.48,75.13,0.111,0.897,324.83,145.85,0.287,0.532
user_8c0294d1a658,faculty,laptop,0,0,3,1,2,True,,65,regular_term,0,0,graduate,mobile,regular_term,98.97,202.27,35.02,60.97,0.101,0.76,424.79,164.17,0.243,0.279
user_c996cf344043,admin,mobile,1,0,4,2,1,True,,99,exam,1,2,admin,laptop,exam,117.18,222.9,22.87,54.19,0.266,0.738,452.32,118.64,0.133,0.546
user_3ce7e1cd0a6b,admin,desktop,1,1,0,0,2,True,,114,exam,1,0,graduate,laptop,exam,93.71,151.02,54.59,77.72,0.284,0.861,365.55,147.9,0.299,0.278
user_1ab7324f3da6,faculty,laptop,2,0,0,2,3,True,,39,regular_term,1,1,admin,mobile,regular_term,97.13,159.44,45.58,80.53,0.198,0.892,309.44,139.56,0.199,0.447
user_f353b53487a8,undergraduate,desktop,0,0,2,1,1,True,,77,regular_term,0,2,undergraduate,tablet,regular_term,106.19,190.79,24.39,89.67,0.055,0.855,543.51,121.83,0.261,0.5
user_63a78bc22462,admin,tablet,1,0,3,0,3,True,,111,exam,2,2,admin,laptop,exam,83.84,229.39,51.97,63.51,0.292,0.757,388.54,152.08,0.366,0.206
user_d4feee1b3d67,graduate,tablet,1,1,2,1,2,True,,33,regular_term,2,0,faculty,mobile,regular_term,93.57,212.3,49.92,53.79,0.288,0.909,435.26,129.25,0.109,0.597
user_1ba63bbc699c,graduate,tablet,2,0,0,2,3,False,,26,regular_term,1,0,research,desktop,regular_term,87.76,209.67,48.64,57.42,0.184,0.892,312.21,144.22,0.106,0.435
user_10cd57dbc973,faculty,laptop,0,0,0,2,2,True,,91,exam,0,1,research,mobile,exam,118.76,217.26,32.68,48.93,0.095,0.743,435.07,115.31,0.25,0.232
user_5a5c80cb0893,faculty,tablet,3,0,1,2,0,True,,113,regular_term,2,1,admin,tablet,regular_term,107.7,150.78,44.65,42.78,0.169,0.847,365.47,126.3,0.391,0.27
user_105e7419d45f,admin,tablet,3,0,1,0,2,True,,67,holiday,0,0,admin,mobile,holiday,86.06,222.91,47.01,46.62,0.148,0.821,596.16,162.76,0.163,0.213
user_16b9f189cdb1,admin,laptop,1,1,4,2,3,True,,95,regular_term,2,0,faculty,laptop,regular_term,81.21,210.43,36.61,51.95,0.227,0.786,476.25,159.21,0.391,0.395
user_2d8d3de1a273,admin,mobile,1,1,2,1,0,True,,51,exam,2,1,graduate,laptop,exam,92.18,221.4,30.83,42.67,0.052,0.841,303.2,169.5,0.285,0.467
user_7f0506fe4e31,graduate,tablet,3,1,4,0,2,True,,53,regular_term,1,2,admin,laptop,regular_term,105.13,225.92,23.8,78.32,0.14,0.853,531.84,100.7,0.11,0.223
user_a0bda15fb617,faculty,mobile,1,1,4,0,2,True,,16,holiday,1,0,admin,desktop,holiday,85.5,202.31,49.05,73.24,0.119,0.799,583.96,102.69,0.174,0.476
user_2cbf9fb5cc30,admin,laptop,3,0,0,0,2,True,,22,regular_term,2,1,research,desktop,regular_term,117.46,151.31,30.87,61.19,0.216,0.811,372.78,179.11,0.399,0.553
user_e7679e4b2c1a,graduate,tablet,1,0,1,2,3,True,,67,exam,0,0,research,mobile,exam,92.24,199.58,29.57,60.5,0.193,0.786,363.38,172.67,0.133,0.56
user_42216d6cf526,admin,laptop,2,0,3,0,3,False,,114,exam,0,2,graduate,desktop,exam,101.12,238.57,45.01,48.93,0.287,0.939,531.68,105.02,0.147,0.316
user_3ab44064446c,undergraduate,desktop,2,1,0,2,3,True,,85,holiday,1,0,undergraduate,laptop,holiday,89.04,247.96,45.42,82.26,0.26,0.922,534.07,131.52,0.28,0.478
user_cc79fb9005c2,faculty,mobile,0,0,4,0,3,True,,41,regular_term,0,1,admin,tablet,regular_term,107.5,240.79,41.33,58.8,0.216,0.922,390.66,172.04,0.251,0.431
user_8f1ae04a55a7,faculty,desktop,1,0,1,0,2,True,,44,exam,0,2,admin,laptop,exam,88.88,182.26,51.92,76.25,0.13,0.862,384.15,117.1,0.271,0.237
user_6d7d7b0267b1,admin,laptop,2,0,0,2,1,True,,32,regular_term,1,2,undergraduate,tablet,regular_term,104.57,181.17,48.83,42.71,0.131,0.91,574.81,165.67,0.396,0.225
user_10967babcb04,admin,laptop,2,1,3,2,0,True,,91,exam,0,0,admin,laptop,exam,86.03,199.74,53.92,82.35,0.149,0.849,548.11,105.92,0.204,0.569
user_43c502a34d2a,graduate,laptop,2,0,2,1,2,True,,87,exam,2,1,research,mobile,exam,84.4,164.88,45.31,72.63,0.059,0.801,596.27,111.97,0.352,0.448
user_6d0a572a8a97,faculty,laptop,0,1,3,1,1,True,,56,exam,1,2,graduate,tablet,exam,90.6,212.28,36.87,52.46,0.242,0.946,507.21,106.35,0.352,0.287
user_22eebe6fabb3,graduate,tablet,2,1,4,0,0,True,,38,holiday,1,2,admin,desktop,holiday,95.01,225.08,43.41,44.37,0.205,0.895,429.13,109.42,0.252,0.371
user_efb109bbb145,research,mobile,3,0,2,2,3,True,,25,holiday,0,0,research,tablet,holiday,88.88,176.22,55.63,83.43,0.11,0.729,525.46,156.55,0.385,0.456
user_ed5a2d73157a,graduate,laptop,2,0,3,0,3,True,,72,regular_term,2,2,undergraduate,mobile,regular_term,86.57,206.96,37.64,87.0,0.168,0.722,433.58,118.83,0.36,0.535
user_d389abe7a8bf,admin,tablet,1,0,1,0,2,False,,19,regular_term,1,1,research,mobile,regular_term,107.71,240.84,44.89,65.25,0.243,0.929,327.64,166.16,0.287,0.392
user_792fc9d165df,admin,mobile,1,0,1,2,2,True,,82,regular_term,1,1,research,desktop,regular_term,98.37,178.37,50.71,46.21,0.145,0.888,513.37,154.52,0.272,0.595
user_139d97264d76,research,tablet,2,1,1,2,2,True,,81,regular_term,2,0,research,laptop,regular_term,87.22,209.63,51.4,73.96,0.152,0.82,543.55,163.98,0.134,0.374
user_97cdb72fcc77,admin,laptop,1,0,1,2,2,True,,11,exam,2,1,faculty,mobile,exam,102.06,195.38,45.22,44.85,0.267,0.787,453.79,105.86,0.27,0.5
user_f40dac582f9e,graduate,mobile,0,0,2,2,3,True,,64,exam,1,0,graduate,laptop,exam,103.67,151.11,21.47,68.35,0.085,0.923,336.49,129.87,0.268,0.502
user_6d0dcbfd9f2d,research,tablet,0,0,4,1,2,True,,115,regular_term,2,1,admin,desktop,regular_term,119.95,192.73,25.77,84.16,0.12,0.876,546.44,118.14,0.247,0.512
user_d06d0d5c53c7,admin,laptop,0,1,3,0,3,True,,114,regular_term,0,0,faculty,mobile,regular_term,104.2,192.44,42.6,51.41,0.261,0.723,318.63,137.58,0.378,0.591
user_342aa7e3fe7e,graduate,desktop,2,1,0,2,0,True,,65,holiday,1,1,research,tablet,holiday,107.6,222.17,57.93,63.24,0.274,0.796,472.19,129.7,0.122,0.353
user_dd813fb63128,undergraduate,mobile,3,0,2,1,3,False,,8,regular_term,1,1,faculty,tablet,regular_term,111.42,155.3,57.87,68.51,0.195,0.859,462.35,158.95,0.189,0.469
user_1dce7392440d,admin,tablet,3,0,3,1,3,True,,104,exam,1,2,admin,tablet,exam,110.96,203.25,47.12,55.12,0.223,0.89,342.7,146.9,0.38,0.27
user_79ff282eda2d,faculty,tablet,3,0,4,0,3,True,,92,regular_term,1,1,undergraduate,mobile,regular_term,98.06,249.28,37.99,57.19,0.068,0.936,325.82,125.68,0.224,0.491
user_677244e894f6,research,desktop,3,1,4,1,3,True,,80,regular_term,1,0,faculty,laptop,regular_term,87.61,206.83,49.35,56.74,0.071,0.826,407.75,111.84,0.192,0.495
user_9014dcba5b12,research,laptop,2,1,3,0,0,False,,58,regular_term,2,0,graduate,mobile,regular_term,93.0,184.3,34.75,47.03,0.174,0.717,546.38,150.2,0.331,0.315
user_0080e953df3f,research,desktop,1,1,4,1,0,True,,26,holiday,2,0,graduate,mobile,holiday,93.31,179.14,42.64,43.29,0.211,0.703,550.3,118.26,0.307,0.36
user_056fcd414929,admin,tablet,2,1,3,2,1,True,,26,exam,0,0,graduate,desktop,exam,82.16,172.23,29.46,64.48,0.075,0.793,359.26,136.58,0.13,0.53
user_7a70723f45cb,undergraduate,laptop,3,0,3,0,1,True,,109,holiday,0,2,undergraduate,tablet,holiday,84.83,174.01,44.29,75.32,0.064,0.857,562.21,153.97,0.168,0.237
user_33549b26d681,admin,mobile,2,0,3,0,0,True,,42,exam,0,2,undergraduate,desktop,exam,87.68,167.97,38.01,82.57,0.197,0.71,497.37,132.05,0.126,0.21
user_42a4807c4a44,undergraduate,mobile,3,1,4,0,2,True,,100,holiday,0,2,undergraduate,tablet,holiday,106.2,199.98,54.66,66.66,0.23,0.766,353.43,173.36,0.368,0.579
user_e53ea11861a0,graduate,desktop,0,0,0,0,3,True,,102,holiday,0,2,faculty,desktop,holiday,90.44,208.45,21.05,58.44,0.078,0.888,312.83,121.52,0.279,0.4
user_c0f437ce09fa,faculty,desktop,0,1,4,1,2,True,,19,regular_term,1,0,undergraduate,mobile,regular_term,107.82,166.99,34.12,62.68,0.114,0.91,350.11,134.34,0.35,0.526
user_4fed7f20287e,research,laptop,0,1,1,2,2,True,,31,holiday,0,0,graduate,desktop,holiday,91.71,209.74,51.05,60.34,0.085,0.72,379.61,132.85,0.216,0.279
user_22cc075a2cdc,faculty,tablet,2,1,4,1,1,False,,75,holiday,2,1,research,tablet,holiday,114.44,232.96,57.89,61.69,0.116,0.811,510.86,179.4,0.199,0.359
user_06690d27fd37,admin,laptop,3,1,4,2,2,False,,27,exam,0,2,graduate,laptop,exam,91.69,155.0,29.54,62.37,0.167,0.763,504.81,144.54,0.376,0.221
user_3ce11e431fd2,undergraduate,desktop,1,0,1,1,1,True,,21,exam,1,2,research,laptop,exam,112.51,182.31,34.79,62.15,0.284,0.773,370.54,144.36,0.142,0.245
user_03ba82372b60,research,laptop,0,1,4,0,1,False,,119,regular_term,1,2,research,laptop,regular_term,110.62,161.56,36.26,44.16,0.268,0.888,385.2,161.82,0.17,0.315
user_60da6ef2bb90,admin,laptop,0,0,0,0,1,True,,59,regular_term,1,2,admin,tablet,regular_term,107.09,211.13,24.65,87.8,0.149,0.732,458.35,108.69,0.189,0.406
user_000bdf7a42aa,admin,laptop,2,0,1,0,3,True,,25,regular_term,1,1,undergraduate,desktop,regular_term,105.21,189.57,51.22,69.35,0.053,0.918,572.91,106.41,0.295,0.488
user_33105b0321aa,research,mobile,0,1,1,1,1,False,,82,exam,2,2,undergraduate,tablet,exam,115.6,236.79,58.19,89.84,0.169,0.776,349.2,110.44,0.214,0.581
user_252c360f750f,undergraduate,desktop,0,0,0,1,3,True,,37,regular_term,2,0,undergraduate,mobile,regular_term,89.58,177.66,29.49,47.27,0.061,0.916,472.43,110.71,0.127,0.477
user_7a4c3d19e255,admin,desktop,1,1,1,2,2,False,,32,regular_term,1,0,undergraduate,desktop,regular_term,108.71,156.65,25.02,51.71,0.219,0.93,492.93,118.24,0.388,0.335
user_59cef9a4294a,faculty,mobile,0,1,1,2,2,True,,105,regular_term,1,0,graduate,laptop,regular_term,106.42,214.8,34.67,61.92,0.098,0.732,320.26,122.89,0.129,0.264
user_b40a217088a4,research,desktop,1,1,1,1,1,True,,106,exam,2,1,graduate,tablet,exam,104.2,232.51,41.08,73.85,0.24,0.702,511.06,140.84,0.221,0.205
user_f1d01564bcc9,faculty,laptop,0,0,3,1,1,True,,120,regular_term,1,0,undergraduate,desktop,regular_term,85.3,177.35,38.15,40.78,0.159,0.769,331.24,110.08,0.292,0.532
user_66f8f003860b,graduate,desktop,1,1,2,2,2,True,,69,regular_term,2,2,admin,desktop,regular_term,95.35,201.25,28.48,84.13,0.142,0.896,474.73,108.52,0.277,0.488
user_1e92dea9fbfb,admin,mobile,1,0,4,2,2,True,,100,holiday,0,0,research,mobile,holiday,111.37,230.4,34.68,80.13,0.282,0.887,477.34,100.81,0.298,0.433
user_bed7c9f6ccde,admin,tablet,1,1,0,2,2,True,,106,holiday,1,2,undergraduate,laptop,holiday,108.84,174.71,37.6,68.6,0.214,0.831,391.94,149.12,0.3,0.55
user_1eb36d26852a,undergraduate,desktop,1,0,4,1,3,True,,59,exam,1,1,undergraduate,desktop,exam,104.47,222.31,37.67,50.11,0.285,0.772,403.19,107.54,0.149,0.448
user_592705308702,admin,mobile,2,0,3,0,3,True,,115,holiday,1,1,research,laptop,holiday,113.6,241.24,32.98,89.06,0.149,0.915,301.39,141.42,0.107,0.356
user_02ba411f77a0,undergraduate,mobile,1,1,4,0,3,True,,31,exam,0,2,admin,desktop,exam,95.58,245.38,41.42,74.09,0.111,0.806,371.55,104.62,0.236,0.345
user_8d2a7321ecce,faculty,laptop,0,1,0,2,1,True,,85,holiday,2,0,research,tablet,holiday,94.36,182.62,30.82,60.67,0.159,0.816,470.31,120.42,0.177,0.506
user_b8450d3297f0,admin,laptop,1,0,3,1,0,True,,70,exam,1,2,graduate,tablet,exam,107.91,214.59,20.74,59.3,0.155,0.752,376.22,128.71,0.247,0.362
user_b684080c590b,undergraduate,tablet,1,1,3,1,0,True,,74,exam,2,1,faculty,laptop,exam,87.37,167.79,31.43,79.76,0.279,0.855,431.15,152.86,0.316,0.24
user_c3c80756d532,faculty,desktop,3,0,3,0,0,True,,39,regular_term,0,0,undergraduate,mobile,regular_term,92.86,179.31,55.93,58.67,0.155,0.933,472.28,179.51,0.179,0.543
user_2a8cb5fffe65,faculty,mobile,2,1,3,1,2,True,,83,exam,2,2,research,tablet,exam,95.72,181.93,36.85,74.88,0.224,0.928,319.73,153.46,0.191,0.239
user_4dc402ed9f6e,admin,tablet,2,0,3,0,3,True,,78,exam,2,2,undergraduate,mobile,exam,89.28,162.26,47.54,85.61,0.249,0.877,577.55,122.69,0.394,0.377
user_aa7ced80d847,graduate,mobile,3,1,0,2,0,True,,5,regular_term,0,0,admin,tablet,regular_term,98.43,206.07,53.27,78.26,0.295,0.762,305.33,173.18,0.181,0.482
user_03ff8644bced,undergraduate,mobile,3,1,0,0,0,True,,67,exam,1,0,research,tablet,exam,114.46,161.56,27.41,44.7,0.138,0.719,407.71,115.72,0.165,0.395
user_b99a134a1d23,faculty,desktop,1,0,4,1,3,True,,40,exam,0,2,graduate,desktop,exam,94.96,226.92,48.37,82.75,0.181,0.82,492.78,141.16,0.333,0.383
user_9b2a33f1ebf5,graduate,mobile,1,0,2,2,1,True,,47,regular_term,0,0,graduate,tablet,regular_term,119.66,174.25,46.5,66.96,0.13,0.887,368.72,133.17,0.127,0.568
user_fac2ac0463ae,admin,laptop,0,1,4,2,0,True,,35,regular_term,1,1,research,mobile,regular_term,88.0,225.22,25.0,56.93,0.155,0.81,387.55,172.49,0.344,0.222
user_bb56a89deaa4,faculty,laptop,1,0,1,2,0,True,,5,holiday,1,0,research,mobile,holiday,87.54,206.29,27.33,47.2,0.251,0.752,525.05,144.49,0.148,0.3
user_67374beb7073,admin,mobile,3,0,2,0,0,True,,62,exam,0,1,faculty,mobile,exam,97.59,215.74,48.25,72.97,0.13,0.869,439.36,131.9,0.227,0.286
user_3d25087b4464,admin,mobile,2,0,0,1,1,False,,10,regular_term,2,1,faculty,mobile,regular_term,100.37,194.35,40.45,82.76,0.1,0.913,539.48,152.0,0.345,0.574
user_3af2acd9dc70,research,desktop,2,1,4,0,0,True,,95,holiday,0,2,faculty,tablet,holiday,103.13,161.47,20.75,55.33,0.277,0.891,316.78,179.37,0.268,0.359
user_436ffaa2c47f,undergraduate,desktop,3,1,4,2,0,True,,49,regular_term,0,1,research,desktop,regular_term,81.41,220.36,51.67,68.53,0.163,0.753,324.85,103.95,0.113,0.314
user_92a38c1deead,graduate,desktop,1,1,1,2,3,True,,76,exam,0,0,admin,tablet,exam,110.99,200.55,58.46,61.8,0.292,0.823,396.48,108.88,0.159,0.334
user_bd6872bdcbe8,faculty,mobile,1,0,2,1,1,True,,58,regular_term,1,0,admin,desktop,regular_term,97.67,154.76,31.38,80.02,0.089,0.921,300.11,133.48,0.391,0.351
user_c2a61938125c,faculty,laptop,0,1,0,0,3,True,,63,regular_term,2,2,undergraduate,desktop,regular_term,82.88,227.87,29.11,49.77,0.257,0.749,392.58,177.21,0.255,0.231
user_eba6e645191d,research,tablet,2,1,0,0,3,True,,41,regular_term,1,0,research,laptop,regular_term,99.4,233.56,34.23,52.24,0.142,0.708,391.15,153.93,0.109,0.594
user_d268bd4494e7,graduate,tablet,0,1,3,1,2,False,,33,holiday,0,0,graduate,tablet,holiday,83.15,228.46,48.4,44.33,0.154,0.739,487.56,133.61,0.193,0.264
user_91c5d3ddbb61,faculty,mobile,1,0,4,2,0,True,,119,regular_term,1,0,admin,tablet,regular_term,104.33,211.98,33.03,53.03,0.102,0.856,320.43,131.96,0.142,0.392
user_8b617a60f17c,admin,laptop,1,0,2,1,1,True,,77,holiday,1,2,research,mobile,holiday,110.15,211.95,33.33,57.75,0.162,0.839,343.94,116.91,0.11,0.262
user_d5ab378b160d,graduate,mobile,1,1,4,2,2,True,,88,holiday,2,0,undergraduate,laptop,holiday,84.65,189.15,34.26,70.54,0.11,0.704,393.9,119.65,0.168,0.464
user_7048ff27a7fc,graduate,desktop,3,1,1,0,0,True,,88,exam,1,1,graduate,desktop,exam,97.03,170.25,34.52,58.46,0.265,0.885,319.2,133.12,0.35,0.406
user_c62284875352,admin,tablet,1,0,1,0,2,True,,28,exam,2,1,faculty,laptop,exam,114.93,227.43,37.6,49.31,0.111,0.789,432.08,161.92,0.191,0.403
user_f811de0a6dab,research,mobile,2,1,3,2,3,True,,55,holiday,1,1,faculty,laptop,holiday,109.17,246.02,23.06,79.74,0.189,0.861,551.3,120.47,0.163,0.577
user_19b84e7fe61b,graduate,mobile,1,1,3,1,3,True,,94,exam,1,1,research,mobile,exam,105.31,225.85,45.08,49.67,0.084,0.799,495.69,114.42,0.203,0.319
user_44d9d7990bb2,graduate,laptop,2,0,2,2,2,True,,87,exam,1,2,faculty,tablet,exam,115.15,166.58,33.66,77.01,0.213,0.88,495.1,167.66,0.102,0.313
user_f8a46774fff1,admin,laptop,0,0,4,1,2,True,,36,exam,1,0,undergraduate,mobile,exam,104.03,234.54,37.67,54.87,0.121,0.73,525.53,176.24,0.195,0.486
user_9c423cd97b22,research,laptop,1,0,3,0,1,True,,105,exam,0,0,research,mobile,exam,96.54,199.57,28.71,47.13,0.171,0.777,385.53,170.85,0.195,0.468
user_99d74cc7d3d5,research,laptop,3,1,3,0,2,True,,69,regular_term,1,0,admin,desktop,regular_term,100.01,248.55,54.9,72.34,0.204,0.875,363.1,144.09,0.177,0.204
user_f80b81a8bc46,research,tablet,0,1,2,2,1,True,,34,exam,2,1,faculty,desktop,exam,99.92,184.04,21.73,72.85,0.286,0.773,595.78,114.66,0.241,0.36
user_1ff203422795,undergraduate,mobile,0,0,0,0,1,True,,99,regular_term,0,2,faculty,mobile,regular_term,109.76,234.59,43.84,65.62,0.237,0.705,387.5,111.2,0.241,0.347
user_c53854f142c9,undergraduate,desktop,2,1,2,0,3,True,,109,exam,1,1,research,tablet,exam,119.62,246.4,40.98,41.32,0.183,0.937,373.46,119.29,0.192,0.503
user_c2182d5dee46,research,mobile,3,0,0,1,0,True,,5,exam,0,0,graduate,tablet,exam,119.2,223.12,33.43,81.91,0.225,0.85,573.88,166.15,0.381,0.466
user_a776f0516a4d,faculty,laptop,2,1,1,0,2,True,,20,holiday,1,2,undergraduate,desktop,holiday,82.69,160.83,43.29,76.46,0.223,0.852,471.63,155.42,0.239,0.295
user_30e44f191b28,graduate,mobile,1,1,1,0,0,True,,101,holiday,0,1,graduate,desktop,holiday,119.19,157.56,49.29,55.21,0.211,0.89,378.22,113.57,0.282,0.269
user_d98a1e278c62,research,laptop,3,1,0,2,3,True,,81,holiday,0,2,research,desktop,holiday,101.07,246.15,55.19,72.32,0.165,0.824,476.18,113.95,0.219,0.329
user_b8925b16d550,research,mobile,1,0,2,0,0,True,,111,exam,1,2,admin,laptop,exam,85.43,246.17,20.42,51.22,0.231,0.934,497.07,130.79,0.103,0.561
user_bb67d06d3cd7,research,desktop,3,1,0,1,0,True,,19,exam,0,2,undergraduate,laptop,exam,109.68,156.17,33.97,46.88,0.108,0.76,388.11,137.57,0.249,0.523
user_3515ffac3811,faculty,tablet,3,0,3,0,2,True,,93,exam,0,1,graduate,tablet,exam,106.28,210.36,44.19,62.33,0.067,0.802,515.07,151.67,0.238,0.403
user_c1c7192f2566,faculty,mobile,1,0,2,2,2,True,,40,holiday,1,0,graduate,desktop,holiday,97.85,167.26,34.09,61.51,0.053,0.852,558.01,156.44,0.228,0.42
user_33409527390b,graduate,laptop,2,0,2,2,2,True,,49,exam,2,0,undergraduate,tablet,exam,116.85,182.14,56.45,89.71,0.296,0.871,559.43,143.8,0.189,0.316
user_7f1a6dfb9281,undergraduate,desktop,3,1,2,1,0,True,,25,regular_term,0,1,graduate,desktop,regular_term,80.39,206.68,39.27,79.34,0.276,0.841,541.06,129.81,0.191,0.375
user_b3e33da919ad,undergraduate,mobile,0,0,1,0,1,True,,102,regular_term,2,1,faculty,laptop,regular_term,99.18,213.11,36.97,89.38,0.05,0.755,310.31,146.69,0.148,0.251
user_f3575f6b18a3,faculty,desktop,0,1,3,0,3,True,,84,exam,0,1,undergraduate,laptop,exam,103.07,247.33,58.51,75.59,0.191,0.915,514.33,101.83,0.128,0.236
user_2543f81c587f,graduate,desktop,1,1,0,0,0,True,,116,exam,2,1,research,tablet,exam,90.72,247.12,43.08,81.57,0.077,0.868,502.84,162.74,0.347,0.393
user_163fb00f897d,graduate,tablet,0,0,1,1,0,True,,64,regular_term,2,0,undergraduate,mobile,regular_term,92.43,235.51,38.0,70.48,0.192,0.883,373.69,166.5,0.254,0.29
user_164758baeb5a,research,laptop,1,0,4,0,1,True,,109,regular_term,1,0,admin,tablet,regular_term,82.98,230.29,49.46,51.95,0.207,0.751,525.96,170.83,0.127,0.505
user_384faafe2925,graduate,tablet,0,1,4,1,0,True,,96,exam,0,0,research,desktop,exam,82.86,211.17,34.27,74.67,0.199,0.775,460.63,142.03,0.243,0.549
user_7d5c3373e2ee,undergraduate,tablet,2,1,2,0,3,True,,118,holiday,2,1,undergraduate,laptop,holiday,97.96,217.18,23.5,57.13,0.072,0.717,430.08,174.85,0.102,0.469
user_6a038e630c3c,graduate,mobile,0,1,3,2,0,True,,84,holiday,2,0,undergraduate,laptop,holiday,95.64,164.35,44.76,82.92,0.071,0.71,393.35,104.4,0.287,0.366
user_8d41fbc9300a,undergraduate,desktop,1,0,4,1,1,True,,74,exam,1,1,research,tablet,exam,113.22,186.4,33.63,68.84,0.076,0.934,383.03,123.11,0.343,0.294
user_0e758227c1f6,undergraduate,mobile,0,0,4,1,2,True,,72,exam,1,2,admin,laptop,exam,85.98,206.79,55.63,77.91,0.183,0.802,342.4,137.96,0.286,0.38
user_0a37ac63a5cb,undergraduate,laptop,1,1,0,2,0,True,,116,holiday,0,2,faculty,mobile,holiday,115.21,225.03,54.75,53.58,0.199,0.928,321.51,143.62,0.377,0.361
user_340483bc6d3f,undergraduate,mobile,2,0,4,0,0,True,,68,exam,0,0,undergraduate,laptop,exam,118.15,153.61,47.01,83.27,0.104,0.708,419.1,171.29,0.213,0.423
user_42444eaabe2f,undergraduate,mobile,1,1,1,0,0,False,,86,exam,2,0,graduate,laptop,exam,96.77,241.1,39.51,75.56,0.114,0.722,345.76,140.93,0.145,0.414
user_4198dfe55cdb,research,tablet,2,0,2,1,0,True,,117,exam,2,2,graduate,mobile,exam,104.68,155.57,58.57,85.35,0.185,0.821,579.89,130.95,0.304,0.409
user_ac92a20446bb,research,desktop,3,1,1,1,1,True,,100,holiday,2,2,graduate,tablet,holiday,100.79,186.39,59.06,67.76,0.122,0.905,580.67,172.55,0.361,0.539
user_cf6576ec4929,research,laptop,0,1,4,0,2,True,,21,regular_term,1,0,graduate,tablet,regular_term,104.71,171.68,45.26,77.61,0.117,0.908,336.14,116.03,0.163,0.563
user_2a2b3de8adee,undergraduate,mobile,0,1,1,2,0,True,,52,exam,1,0,faculty,laptop,exam,91.17,153.32,27.49,54.76,0.196,0.788,474.91,121.97,0.341,0.45
user_b8d8e3e61a8a,undergraduate,tablet,3,0,0,1,2,True,,34,holiday,0,0,admin,tablet,holiday,106.49,247.82,53.44,78.1,0.062,0.875,523.31,164.03,0.368,0.27
user_e47b0863d04a,undergraduate,desktop,2,0,4,1,1,True,,30,regular_term,0,0,faculty,desktop,regular_term,95.84,201.67,31.43,55.68,0.289,0.724,316.34,113.51,0.102,0.313
user_97d5638b89d0,undergraduate,mobile,0,1,0,1,0,True,,21,regular_term,1,0,admin,tablet,regular_term,89.88,181.6,30.61,67.27,0.268,0.876,516.56,167.44,0.235,0.524
user_d235a44adae6,admin,desktop,3,1,0,0,3,True,,36,exam,1,1,admin,desktop,exam,113.4,249.6,26.98,88.22,0.292,0.94,539.08,164.28,0.347,0.534
user_e5758e115877,admin,laptop,1,0,3,1,3,True,,5,holiday,1,0,admin,tablet,holiday,86.83,208.91,21.87,68.23,0.084,0.896,470.66,154.62,0.125,0.425
user_46247571ecd1,faculty,laptop,2,1,1,0,3,True,,39,regular_term,1,2,research,desktop,regular_term,88.87,227.75,58.35,85.19,0.055,0.922,579.98,137.2,0.114,0.434
user_9a76b8f0ef08,admin,laptop,2,1,4,1,1,True,,72,holiday,0,2,undergraduate,tablet,holiday,110.25,169.95,56.53,54.52,0.267,0.768,503.85,168.8,0.365,0.524
user_714bca2117be,admin,mobile,0,0,2,1,1,False,,8,exam,0,2,undergraduate,desktop,exam,89.14,219.86,41.37,80.21,0.23,0.8,528.36,121.25,0.28,0.215
user_948e9058369d,undergraduate,tablet,3,1,2,0,3,True,,49,exam,1,0,graduate,mobile,exam,111.2,164.96,56.09,87.77,0.126,0.724,558.42,138.23,0.366,0.417
user_352213d49f74,research,tablet,1,0,0,2,0,True,,7,holiday,0,2,graduate,tablet,holiday,110.83,204.32,33.6,69.3,0.287,0.848,362.8,119.39,0.16,0.311
user_440e57d32b58,admin,tablet,3,0,0,2,3,True,,96,regular_term,2,0,research,tablet,regular_term,88.52,209.08,35.18,57.06,0.193,0.793,432.65,139.54,0.359,0.34
user_13f486edc522,faculty,laptop,0,0,4,2,0,True,,46,exam,2,1,research,laptop,exam,87.06,183.51,41.02,64.24,0.115,0.924,365.03,155.28,0.4,0.507
user_3b81643faf34,admin,mobile,0,1,1,2,1,True,,93,exam,1,0,faculty,mobile,exam,115.08,225.5,34.52,44.68,0.256,0.905,489.64,108.86,0.177,0.204
user_a55f42999baf,undergraduate,tablet,2,1,0,0,3,True,,47,holiday,0,1,faculty,desktop,holiday,97.03,155.11,22.87,43.94,0.142,0.745,488.12,155.76,0.148,0.564
user_399e9ddf1085,admin,desktop,3,1,0,0,0,True,,25,exam,0,1,admin,laptop,exam,99.8,200.59,37.52,56.6,0.262,0.931,594.03,151.36,0.37,0.243
user_a19a79d1fc8d,research,desktop,1,1,3,1,3,True,,9,exam,2,2,undergraduate,mobile,exam,96.74,238.48,41.97,54.47,0.217,0.91,594.89,149.31,0.189,0.544
user_6e7f40ad27cd,graduate,mobile,2,1,4,1,3,True,,24,exam,0,2,undergraduate,tablet,exam,85.4,187.27,58.93,42.58,0.287,0.902,536.15,126.53,0.142,0.423
user_6a9f7a238c65,graduate,laptop,1,0,2,2,3,True,,5,exam,0,0,undergraduate,tablet,exam,111.73,245.65,46.23,51.61,0.066,0.752,563.96,171.66,0.379,0.473
user_ab49338091ea,admin,mobile,0,1,3,1,3,True,,11,holiday,2,2,graduate,mobile,holiday,96.76,230.79,26.19,68.69,0.165,0.919,504.14,171.22,0.278,0.303
user_196c265ded29,research,tablet,1,1,0,2,0,True,,44,exam,1,2,admin,tablet,exam,119.58,227.93,43.82,42.81,0.135,0.854,345.57,149.21,0.233,0.451
user_1d49acd32bc5,research,mobile,1,0,0,1,0,True,,77,holiday,1,2,faculty,mobile,holiday,112.45,157.96,57.1,47.66,0.279,0.786,410.18,105.06,0.254,0.394
user_76224aff5558,undergraduate,tablet,0,0,4,2,0,True,,92,exam,1,0,undergraduate,mobile,exam,84.92,169.05,44.89,66.3,0.107,0.742,387.47,167.73,0.26,0.414
user_05213ad8c6dc,undergraduate,tablet,1,1,2,2,3,True,,49,regular_term,2,1,undergraduate,desktop,regular_term,118.4,203.09,44.87,84.55,0.051,0.89,437.9,147.18,0.374,0.538
user_407542c2b28d,faculty,mobile,1,1,2,1,3,False,,80,exam,0,0,faculty,laptop,exam,118.88,226.99,22.39,47.91,0.243,0.928,345.05,117.25,0.257,0.316
user_9bb546a9f8f1,research,mobile,0,0,0,0,2,False,,116,holiday,2,2,graduate,mobile,holiday,110.21,219.14,46.12,88.28,0.149,0.882,377.47,136.47,0.245,0.201
user_57cb57430bf5,undergraduate,mobile,2,1,0,1,0,True,,72,regular_term,0,0,admin,desktop,regular_term,80.83,236.25,44.87,58.32,0.131,0.833,465.47,166.78,0.383,0.202
user_d7f566159b54,faculty,mobile,0,1,1,1,2,True,,26,exam,0,2,faculty,desktop,exam,82.29,223.1,24.89,63.23,0.232,0.896,316.35,147.24,0.182,0.41
user_ea0d3f040bbd,graduate,desktop,1,1,1,2,2,False,,103,holiday,1,2,admin,mobile,holiday,102.93,172.51,22.32,45.82,0.266,0.911,389.97,170.77,0.131,0.414
user_dcf5fab5d497,undergraduate,desktop,3,1,0,1,1,True,,94,holiday,2,1,undergraduate,laptop,holiday,85.91,204.26,35.49,84.65,0.198,0.83,542.8,135.84,0.168,0.55
user_9460ea46977f,research,tablet,2,1,3,0,2,True,,17,holiday,2,1,research,tablet,holiday,104.73,193.45,52.88,79.68,0.221,0.711,481.78,141.61,0.159,0.546
user_d78dd8ececd1,undergraduate,desktop,0,1,2,1,1,True,,5,regular_term,0,2,graduate,mobile,regular_term,112.52,193.05,41.85,76.3,0.196,0.734,323.77,150.58,0.245,0.447
user_eae73e9446e9,research,mobile,3,0,0,2,2,True,,98,holiday,0,2,research,laptop,holiday,92.01,212.61,20.9,68.05,0.17,0.92,543.38,146.25,0.274,0.325
user_f3fc0febec32,research,desktop,3,0,2,2,1,True,,58,exam,0,2,admin,laptop,exam,106.58,218.81,21.86,43.62,0.235,0.797,514.11,124.42,0.352,0.343
user_01060736e63a,admin,tablet,0,0,2,1,1,True,,83,exam,1,0,undergraduate,laptop,exam,88.25,241.42,42.46,49.62,0.064,0.831,493.06,116.78,0.149,0.327
user_204134eeb09a,undergraduate,mobile,1,0,1,1,1,True,,114,regular_term,1,0,research,laptop,regular_term,103.13,237.61,24.79,55.23,0.065,0.757,579.77,156.12,0.198,0.311
user_e41a74b7b94f,undergraduate,mobile,3,1,1,2,3,True,,62,regular_term,0,1,undergraduate,desktop,regular_term,87.08,157.96,54.04,67.27,0.101,0.806,309.58,179.61,0.296,0.463
user_e2822d79fad7,admin,tablet,0,0,4,2,1,False,,98,regular_term,0,1,faculty,laptop,regular_term,93.08,189.41,50.86,71.03,0.115,0.737,455.68,171.65,0.226,0.216
user_1090a90f0b9e,graduate,desktop,1,1,3,0,3,True,,18,exam,0,1,research,tablet,exam,114.34,191.56,21.84,67.59,0.131,0.846,452.39,120.17,0.228,0.306
user_940987235d86,research,mobile,3,1,1,0,3,True,,49,exam,1,2,research,mobile,exam,112.64,169.05,52.59,65.29,0.247,0.823,330.24,157.86,0.332,0.528
user_e18aaca18eb6,research,mobile,2,1,1,1,3,True,,19,exam,2,0,undergraduate,desktop,exam,84.26,178.35,59.61,85.63,0.135,0.874,353.12,156.19,0.141,0.581
user_7d2921865f5c,research,mobile,1,1,1,1,3,True,,40,exam,0,2,research,desktop,exam,117.45,150.32,38.34,69.79,0.106,0.823,374.02,161.5,0.284,0.298
user_04811855afd9,undergraduate,desktop,0,1,4,1,0,True,,63,exam,1,0,research,tablet,exam,116.17,189.36,24.79,76.85,0.051,0.732,588.65,177.47,0.193,0.292
user_6276c2bf1392,undergraduate,tablet,2,1,4,2,0,True,,68,holiday,2,1,admin,desktop,holiday,99.44,159.33,53.52,76.41,0.075,0.838,581.31,120.84,0.138,0.231
user_a3098a9f7f28,faculty,tablet,1,0,3,2,2,True,,103,regular_term,2,1,faculty,desktop,regular_term,93.23,232.22,22.09,53.65,0.151,0.796,427.76,131.64,0.311,0.587
user_ce113e347639,faculty,desktop,3,1,4,0,2,True,,21,holiday,0,1,graduate,tablet,holiday,85.55,151.07,55.72,81.38,0.088,0.858,305.7,102.44,0.313,0.222
user_87df32944e79,admin,laptop,0,1,3,1,1,True,,47,regular_term,0,1,graduate,desktop,regular_term,109.86,247.55,46.52,48.26,0.094,0.721,300.18,147.18,0.373,0.273
user_1b395f456c09,graduate,tablet,1,0,1,2,3,True,,18,holiday,0,2,research,laptop,holiday,119.81,210.54,24.36,87.6,0.27,0.799,588.46,162.66,0.18,0.201
user_24d7bdf8f633,graduate,desktop,1,0,1,1,3,True,,17,regular_term,0,0,faculty,desktop,regular_term,90.66,233.97,33.84,69.59,0.152,0.717,364.15,127.6,0.348,0.394
user_bd34580f55c4,undergraduate,laptop,0,1,4,0,3,True,,76,holiday,2,0,graduate,desktop,holiday,118.88,191.26,22.81,40.99,0.153,0.842,478.42,129.12,0.243,0.578
user_836c5d1cca9e,undergraduate,tablet,3,1,3,2,2,True,,114,regular_term,2,0,admin,laptop,regular_term,83.6,210.45,39.88,60.13,0.234,0.931,411.51,120.49,0.243,0.371
user_0ffb1251a84d,graduate,tablet,3,1,2,0,3,True,,53,exam,2,1,admin,tablet,exam,100.96,202.01,27.61,40.83,0.084,0.739,483.91,111.18,0.298,0.584
user_3d5e0b706fef,research,tablet,1,0,3,1,3,True,,116,holiday,1,1,faculty,mobile,holiday,116.04,236.26,59.58,45.75,0.157,0.754,306.71,171.03,0.368,0.449
user_c1ab22034eae,admin,tablet,1,0,3,0,2,False,,43,exam,1,2,admin,laptop,exam,106.8,179.34,21.67,77.48,0.266,0.715,412.54,126.1,0.295,0.494
user_45cb16b8eee3,admin,desktop,2,1,4,1,1,True,,10,holiday,1,0,research,desktop,holiday,85.25,173.3,41.59,50.26,0.228,0.791,518.91,131.32,0.333,0.381
user_00142245e3c6,faculty,mobile,3,0,3,0,1,True,,43,regular_term,0,2,admin,mobile,regular_term,93.37,248.15,44.52,55.15,0.278,0.907,355.96,122.46,0.196,0.564
user_9cc02f032868,admin,tablet,3,1,3,0,1,True,,81,holiday,0,2,faculty,mobile,holiday,108.23,182.18,21.28,86.52,0.195,0.721,493.88,174.37,0.356,0.261
user_2f01e6f0ca6e,faculty,tablet,0,0,2,1,1,False,,117,exam,0,0,graduate,desktop,exam,85.72,169.87,51.36,46.58,0.267,0.825,483.22,134.38,0.353,0.47
user_cb480b321c5a,admin,laptop,0,0,0,1,0,True,,102,exam,1,2,graduate,mobile,exam,85.4,230.35,53.92,45.85,0.221,0.81,598.46,126.96,0.261,0.495
user_cc88effa7bf2,undergraduate,laptop,0,0,0,2,3,True,,26,regular_term,1,2,graduate,tablet,regular_term,114.35,243.94,37.31,56.31,0.147,0.798,413.15,165.59,0.281,0.46
user_64e2e735aeab,research,laptop,3,0,3,1,0,True,,16,regular_term,1,2,research,laptop,regular_term,96.82,204.61,48.79,52.13,0.266,0.778,469.82,172.38,0.272,0.203
user_f5583173176e,undergraduate,tablet,3,0,1,0,2,True,,53,regular_term,1,2,undergraduate,desktop,regular_term,115.19,151.78,24.92,63.35,0.171,0.898,328.16,150.49,0.271,0.35
user_b671b4346934,faculty,desktop,1,1,2,1,3,True,,71,regular_term,0,0,research,mobile,regular_term,82.42,186.37,23.97,44.61,0.2,0.833,570.43,107.11,0.289,0.264
user_b2fce9a2f549,admin,desktop,0,1,3,1,3,True,,98,holiday,0,2,faculty,desktop,holiday,105.14,207.2,54.85,59.95,0.195,0.821,435.6,158.52,0.316,0.208
user_817cc9c39f37,faculty,tablet,3,0,0,0,0,True,,108,exam,2,1,undergraduate,tablet,exam,84.49,155.67,50.68,73.85,0.141,0.92,485.02,106.26,0.178,0.455
user_971f2fc0d12b,undergraduate,tablet,2,0,1,1,0,True,,16,exam,1,0,faculty,desktop,exam,116.74,235.6,55.49,64.1,0.249,0.703,408.67,124.81,0.11,0.338
user_2e3f17347b31,admin,tablet,2,1,0,1,2,True,,69,regular_term,0,1,research,mobile,regular_term,113.98,237.09,46.06,69.54,0.261,0.748,590.76,114.36,0.332,0.493
user_c3788392e937,research,desktop,2,0,1,0,2,True,,14,exam,1,0,undergraduate,desktop,exam,91.88,221.63,34.43,50.07,0.298,0.709,353.41,175.96,0.132,0.538
user_969f1384c5c0,undergraduate,mobile,0,0,3,2,0,True,,86,regular_term,2,2,graduate,laptop,regular_term,92.28,198.6,27.4,88.45,0.051,0.898,345.84,103.06,0.391,0.373
user_0d10eb2fcb3d,research,tablet,0,0,3,2,1,True,,14,holiday,1,1,research,desktop,holiday,105.14,181.01,37.47,45.05,0.189,0.939,410.92,179.69,0.3,0.301
user_51e3e6586bb1,undergraduate,tablet,1,0,4,1,0,True,,25,exam,1,2,faculty,tablet,exam,108.74,179.49,48.61,74.7,0.15,0.909,531.57,137.77,0.228,0.404
user_d1ca7279a54d,graduate,laptop,2,1,2,2,0,True,,91,holiday,2,2,research,mobile,holiday,102.54,175.82,20.36,65.21,0.096,0.813,544.96,136.26,0.297,0.39
user_4303f1950d67,graduate,mobile,1,1,4,0,0,True,,87,exam,0,2,admin,mobile,exam,82.99,217.33,49.18,45.32,0.262,0.918,465.3,171.56,0.305,0.32
user_cae7b7802de3,research,mobile,2,1,4,2,0,True,,74,exam,1,1,admin,desktop,exam,104.63,183.77,30.32,71.91,0.276,0.941,549.07,110.99,0.101,0.419
user_bc5dd4fa3e54,faculty,tablet,1,1,3,1,1,False,,107,holiday,0,1,undergraduate,tablet,holiday,94.17,200.81,33.22,82.34,0.209,0.934,322.28,147.36,0.104,0.41
user_6c544018ca36,research,mobile,3,0,1,1,0,True,,16,exam,0,0,faculty,tablet,exam,83.76,187.74,45.15,87.39,0.06,0.832,532.86,116.83,0.191,0.27
user_8640dad41eeb,research,laptop,2,1,2,2,3,True,,82,regular_term,1,2,admin,tablet,regular_term,84.45,171.14,41.82,57.3,0.135,0.774,412.15,123.72,0.105,0.43
user_cc45bc9de498,faculty,laptop,2,0,3,1,3,True,,93,exam,2,1,research,mobile,exam,109.98,197.13,20.28,47.12,0.11,0.876,438.47,160.05,0.311,0.369
user_c370f7a31cb5,admin,tablet,1,1,3,0,3,True,,61,holiday,1,2,undergraduate,mobile,holiday,106.8,228.84,58.92,80.52,0.161,0.747,392.31,158.1,0.336,0.557
user_8b3a364c2a7c,faculty,mobile,0,1,4,0,1,True,,47,holiday,2,1,undergraduate,mobile,holiday,96.04,188.46,22.0,72.62,0.258,0.874,599.78,178.13,0.192,0.486
user_30cff1c66389,research,laptop,0,0,1,2,0,True,,39,regular_term,1,1,admin,laptop,regular_term,95.16,194.07,59.84,75.95,0.188,0.948,368.07,105.42,0.332,0.564
user_055770c09b41,faculty,mobile,0,0,1,2,1,True,,33,exam,2,2,undergraduate,tablet,exam,103.43,187.22,47.5,48.34,0.079,0.945,493.73,141.53,0.283,0.256
user_9ac8dc65e2d3,admin,tablet,0,0,0,0,1,True,,41,exam,2,0,undergraduate,mobile,exam,111.34,152.44,57.56,69.65,0.215,0.853,507.94,110.96,0.219,0.219
user_537a035d5a6f,graduate,desktop,1,0,3,2,0,True,,80,holiday,2,0,admin,desktop,holiday,97.19,188.16,22.47,87.14,0.095,0.73,546.77,151.83,0.343,0.381
user_6f0a3f51bd76,admin,laptop,3,1,4,2,0,True,,22,exam,0,1,undergraduate,mobile,exam,106.05,247.34,24.31,40.98,0.202,0.926,357.15,120.49,0.242,0.577
user_11505bd1d434,graduate,mobile,1,0,2,2,2,True,,33,holiday,0,2,research,mobile,holiday,106.25,211.0,24.29,82.64,0.216,0.872,490.56,145.84,0.115,0.454
user_6333eeea98b8,admin,desktop,1,1,0,0,2,True,,70,holiday,2,0,undergraduate,laptop,holiday,97.73,212.42,31.2,84.61,0.187,0.899,475.68,141.18,0.224,0.445
user_57678a87c403,undergraduate,desktop,3,1,2,2,0,True,,104,holiday,2,1,undergraduate,tablet,holiday,104.15,152.35,27.86,84.23,0.2,0.874,363.62,121.27,0.348,0.511
user_79028bb2d57c,research,desktop,2,0,0,0,1,True,,42,regular_term,0,0,undergraduate,desktop,regular_term,91.32,164.89,28.96,51.31,0.296,0.845,481.83,159.05,0.136,0.226
user_577cdab2550f,faculty,mobile,1,1,0,0,1,True,,55,exam,1,2,admin,mobile,exam,111.13,172.89,34.7,79.18,0.109,0.741,584.58,116.19,0.13,0.203
user_e6e9dd6c436e,faculty,desktop,1,1,1,1,1,True,,84,holiday,1,1,faculty,laptop,holiday,92.79,150.53,24.59,75.15,0.291,0.939,576.24,161.26,0.365,0.508
user_032d13612e2f,graduate,mobile,0,0,2,0,3,True,,111,holiday,0,2,graduate,mobile,holiday,113.21,193.78,29.82,87.98,0.124,0.773,506.36,105.08,0.265,0.578
user_3c14392f7cbf,research,desktop,2,1,1,2,3,True,,40,holiday,2,1,faculty,tablet,holiday,117.23,219.83,43.77,55.29,0.226,0.828,545.54,135.18,0.187,0.583
user_6cabc5b64512,undergraduate,tablet,1,0,1,1,0,True,,102,holiday,1,2,faculty,tablet,holiday,88.21,242.63,29.25,68.58,0.101,0.8,564.28,176.06,0.182,0.599
user_dc982791cae3,graduate,mobile,0,0,2,0,2,True,,30,exam,2,0,research,mobile,exam,114.09,235.6,35.03,74.91,0.258,0.922,474.77,119.23,0.297,0.224
user_5072556cfc29,graduate,tablet,1,1,4,1,1,True,,40,holiday,0,0,research,tablet,holiday,89.34,231.9,41.94,45.67,0.289,0.701,342.66,174.8,0.343,0.416
user_fff6710064af,admin,mobile,2,0,0,0,3,True,,32,holiday,2,2,admin,mobile,holiday,108.94,201.12,57.44,81.05,0.131,0.812,465.89,117.14,0.381,0.362
user_f4610ab7aa1d,research,tablet,2,0,1,1,0,True,,17,holiday,1,1,research,mobile,holiday,101.35,205.95,26.61,53.54,0.255,0.772,376.04,101.12,0.184,0.354
user_c86662685ab2,undergraduate,laptop,2,0,2,1,0,True,,115,regular_term,0,2,undergraduate,mobile,regular_term,119.46,168.12,47.34,54.2,0.228,0.722,509.85,151.19,0.396,0.495
user_4991389e5f1e,research,laptop,0,1,2,2,3,True,,88,holiday,1,0,research,laptop,holiday,81.24,182.69,58.24,70.83,0.064,0.743,478.23,108.21,0.191,0.597
user_9b9be2b1fd87,admin,desktop,0,0,4,1,2,True,,28,holiday,2,0,undergraduate,laptop,holiday,91.42,157.17,49.8,53.54,0.087,0.861,360.23,109.67,0.148,0.329
user_24978a9bc722,research,laptop,0,1,3,2,0,True,,56,exam,0,0,research,mobile,exam,98.4,194.68,59.66,51.93,0.281,0.774,578.1,120.49,0.263,0.571
user_3a535c2e6500,undergraduate,mobile,3,0,4,1,3,True,,97,exam,1,1,research,desktop,exam,103.3,244.76,23.11,45.24,0.248,0.91,423.26,164.67,0.193,0.49
user_1f1345674d47,research,laptop,3,1,4,2,0,False,,118,holiday,1,1,undergraduate,desktop,holiday,85.79,194.55,29.63,83.78,0.11,0.862,324.99,144.65,0.168,0.202
user_d9c0ef2077b7,admin,tablet,3,1,3,2,3,True,,118,exam,1,0,admin,desktop,exam,118.99,190.33,27.65,70.47,0.189,0.848,455.46,129.92,0.288,0.563
user_447f3b60d918,research,tablet,1,1,3,0,2,True,,72,regular_term,2,1,admin,tablet,regular_term,84.48,209.53,20.8,83.98,0.062,0.798,512.4,106.71,0.343,0.313
user_88c428ec9cda,faculty,tablet,1,1,4,1,1,True,,34,holiday,0,0,faculty,tablet,holiday,91.5,249.32,51.37,84.68,0.167,0.776,478.74,118.26,0.132,0.246
user_ba2e8c04a3f9,admin,tablet,1,0,3,0,2,True,,29,holiday,2,1,admin,mobile,holiday,100.02,208.77,45.43,46.7,0.138,0.7,408.18,158.11,0.189,0.399
user_e08d9f093627,admin,laptop,2,0,1,0,1,True,,82,exam,1,0,admin,tablet,exam,91.77,190.52,22.48,59.64,0.218,0.8,457.05,133.62,0.143,0.426
user_9f4a817c793f,research,mobile,0,1,4,0,0,True,,106,holiday,2,1,admin,mobile,holiday,92.76,174.43,30.69,78.86,0.051,0.733,407.81,133.77,0.375,0.441
user_786bd840236e,undergraduate,tablet,1,1,4,2,2,True,,112,regular_term,1,0,admin,desktop,regular_term,116.88,173.53,49.75,75.58,0.171,0.933,581.73,122.05,0.326,0.228
user_3d0d5c9f3f4f,graduate,laptop,2,1,3,0,3,True,,119,regular_term,1,1,graduate,mobile,regular_term,117.38,168.79,56.01,76.75,0.144,0.756,586.75,179.7,0.265,0.526
user_7ff85e6ad082,faculty,tablet,1,1,0,0,0,False,,82,regular_term,0,0,undergraduate,tablet,regular_term,119.38,235.05,39.19,45.7,0.085,0.725,559.78,177.28,0.176,0.488
user_79981576a099,graduate,laptop,0,0,0,2,0,True,,76,regular_term,0,0,research,mobile,regular_term,102.06,218.21,51.02,40.53,0.103,0.857,361.39,136.18,0.29,0.362
user_63a0f7fae4a0,faculty,desktop,3,0,4,2,2,True,,92,exam,0,2,faculty,laptop,exam,93.21,197.52,25.84,83.34,0.206,0.946,335.71,102.47,0.375,0.339
user_652b99b8c7b4,admin,mobile,1,1,3,1,2,True,,38,exam,0,2,graduate,desktop,exam,112.24,150.67,27.58,69.73,0.165,0.818,324.33,156.59,0.263,0.326
user_b53cb545e8c0,admin,desktop,3,0,4,1,3,True,,11,holiday,0,2,undergraduate,mobile,holiday,81.09,167.86,32.37,68.85,0.119,0.794,319.25,159.09,0.178,0.496
user_15e918deadf9,faculty,tablet,3,1,1,1,2,True,,28,exam,0,1,graduate,desktop,exam,83.08,159.01,29.44,65.57,0.206,0.903,329.73,150.72,0.275,0.371
user_1457a04487e3,research,tablet,2,1,0,2,1,True,,34,holiday,0,2,graduate,mobile,holiday,108.95,171.9,36.59,70.51,0.261,0.877,420.11,123.49,0.371,0.46
user_4d7cd82467f6,undergraduate,mobile,3,0,2,2,2,True,,73,holiday,0,2,research,tablet,holiday,115.67,210.63,33.55,55.19,0.256,0.942,461.66,175.69,0.269,0.392
user_fafc584626fe,faculty,tablet,3,0,1,2,0,True,,28,exam,2,2,undergraduate,tablet,exam,105.1,181.21,54.46,46.4,0.153,0.943,596.85,117.91,0.148,0.288
user_fff703d0bc87,faculty,tablet,3,1,0,2,3,True,,102,regular_term,1,2,graduate,mobile,regular_term,90.26,200.92,40.34,74.69,0.177,0.727,387.52,119.76,0.121,0.303
user_e203c91e785f,undergraduate,desktop,3,1,0,1,0,True,,107,holiday,1,0,graduate,desktop,holiday,114.45,197.61,37.98,50.03,0.258,0.756,427.64,105.48,0.128,0.59
user_6718af68ed2e,faculty,laptop,1,0,0,1,0,True,,51,holiday,1,2,graduate,mobile,holiday,85.99,150.92,36.97,87.65,0.173,0.708,594.27,176.59,0.234,0.429
user_1931fb97cf15,research,tablet,1,0,2,1,0,True,,83,holiday,0,2,graduate,laptop,holiday,87.67,167.96,33.45,76.59,0.062,0.855,374.71,120.41,0.212,0.53
user_77b164e87de4,admin,desktop,0,1,0,1,0,True,,77,holiday,1,1,admin,tablet,holiday,95.89,248.47,31.53,79.69,0.21,0.806,587.87,166.74,0.136,0.519
user_6b703105872d,faculty,laptop,3,1,1,0,0,True,,6,regular_term,0,1,faculty,laptop,regular_term,82.79,162.57,30.33,73.63,0.279,0.808,383.11,176.75,0.208,0.419
user_dd569d54076e,faculty,desktop,3,1,1,2,0,True,,91,holiday,2,1,faculty,laptop,holiday,117.82,211.04,41.04,77.9,0.278,0.787,484.41,107.73,0.394,0.442
user_2d521d8802d8,admin,mobile,3,1,3,0,1,True,,8,exam,2,2,faculty,tablet,exam,106.39,172.66,55.71,51.63,0.252,0.896,556.73,115.18,0.163,0.515
user_abc67dcbd5b6,admin,laptop,0,1,3,2,0,True,,52,regular_term,2,2,graduate,mobile,regular_term,81.77,246.12,41.15,73.93,0.172,0.922,316.56,159.26,0.359,0.413
user_6f375ca016cd,faculty,mobile,1,1,2,2,2,True,,84,regular_term,1,2,faculty,desktop,regular_term,116.21,235.12,44.29,87.18,0.232,0.88,529.2,130.06,0.376,0.568
user_9b252cabb562,graduate,desktop,3,1,4,0,3,True,,119,holiday,0,2,undergraduate,mobile,holiday,106.6,207.23,25.66,49.11,0.237,0.896,535.68,101.24,0.253,0.381
user_ac543773b118,faculty,desktop,1,0,2,1,3,True,,33,regular_term,1,0,faculty,tablet,regular_term,80.11,179.62,54.29,71.65,0.075,0.885,573.75,158.65,0.154,0.403
user_69cc89b090db,research,mobile,2,1,0,0,1,True,,16,holiday,0,0,admin,mobile,holiday,98.5,188.24,23.17,82.42,0.153,0.811,537.43,111.39,0.361,0.577
user_8c58ccffae7f,admin,laptop,3,0,2,1,0,True,,118,holiday,2,0,undergraduate,desktop,holiday,101.33,226.67,37.59,71.74,0.084,0.732,362.56,177.75,0.103,0.483
user_08f7b95b50f6,research,tablet,0,0,0,1,2,False,,49,regular_term,0,0,research,mobile,regular_term,80.57,210.46,22.2,42.5,0.177,0.817,316.83,165.29,0.14,0.223
user_c85bfe0ea8ab,undergraduate,mobile,1,0,0,1,0,False,,114,regular_term,1,2,faculty,desktop,regular_term,84.72,180.35,48.99,49.13,0.075,0.816,479.45,112.48,0.174,0.427
user_f552c7c627eb,admin,laptop,3,0,2,0,3,True,,107,holiday,1,1,undergraduate,desktop,holiday,88.69,236.07,23.63,56.92,0.284,0.88,376.84,109.71,0.259,0.572
user_5ad15be28e16,research,mobile,3,0,4,1,0,True,,101,regular_term,2,1,faculty,mobile,regular_term,97.02,192.28,50.48,40.53,0.251,0.705,597.67,107.47,0.129,0.241
user_1a0dca7f7d65,admin,laptop,2,1,4,2,3,True,,117,regular_term,2,2,research,mobile,regular_term,118.28,166.38,30.72,72.06,0.117,0.866,322.27,157.55,0.278,0.411
user_357adf8d1eb9,undergraduate,tablet,2,1,1,0,2,True,,33,holiday,2,2,undergraduate,desktop,holiday,107.21,216.82,24.23,82.71,0.106,0.919,467.2,113.23,0.109,0.285
user_361bf5210029,graduate,mobile,1,1,1,0,2,True,,25,holiday,1,2,graduate,laptop,holiday,91.1,191.14,42.17,57.82,0.141,0.703,573.57,148.24,0.381,0.495
user_0d2fc60f943b,undergraduate,tablet,1,1,2,2,0,True,,49,exam,0,1,faculty,mobile,exam,117.49,192.84,31.44,83.58,0.14,0.917,558.28,134.4,0.298,0.543
user_0d9245df576a,graduate,desktop,3,0,3,2,3,True,,26,exam,0,2,graduate,mobile,exam,96.53,238.3,53.14,70.51,0.065,0.772,563.02,155.97,0.26,0.529
user_347d491dbbc3,graduate,tablet,2,1,4,2,3,True,,26,regular_term,1,2,admin,mobile,regular_term,108.66,168.11,32.94,69.03,0.267,0.801,334.3,177.08,0.178,0.205
user_dd326ba98241,graduate,mobile,2,0,1,1,1,True,,76,exam,1,2,faculty,laptop,exam,116.72,155.13,20.55,57.04,0.233,0.716,500.34,158.66,0.143,0.391
user_fe3f2f98f955,faculty,desktop,2,0,4,2,0,True,,28,regular_term,1,1,faculty,tablet,regular_term,109.34,183.03,56.72,42.03,0.217,0.869,448.72,103.06,0.257,0.409
user_cc47d36d1070,undergraduate,laptop,1,0,1,2,1,True,,13,exam,2,0,graduate,tablet,exam,93.3,196.39,45.54,58.71,0.094,0.721,404.64,176.76,0.121,0.376
user_d59ead676c8d,admin,tablet,0,0,4,0,3,True,,9,holiday,2,0,faculty,laptop,holiday,109.38,206.74,24.98,82.86,0.24,0.946,335.6,126.79,0.393,0.52
user_5195153b7d7f,graduate,laptop,3,1,0,0,1,True,,23,regular_term,0,0,admin,laptop,regular_term,119.55,157.84,47.04,76.59,0.066,0.93,493.47,152.73,0.351,0.337
user_5857b072fe19,undergraduate,laptop,3,1,1,2,3,True,,20,holiday,0,0,research,mobile,holiday,107.88,234.75,45.24,65.74,0.239,0.896,320.03,129.13,0.303,0.48
user_79adc44d6d68,faculty,laptop,2,0,3,1,0,True,,102,holiday,0,2,research,tablet,holiday,88.76,229.98,54.05,49.22,0.132,0.73,309.2,125.06,0.187,0.282
user_05920e399bdb,research,tablet,2,0,2,0,2,True,,116,regular_term,2,0,graduate,laptop,regular_term,95.39,182.12,51.92,86.49,0.291,0.807,421.39,163.05,0.375,0.315
user_c1144d410d96,research,mobile,0,0,2,0,2,True,,39,holiday,1,0,undergraduate,desktop,holiday,108.25,188.66,54.95,49.94,0.119,0.782,466.12,120.14,0.205,0.463
user_63ed801db2ae,undergraduate,laptop,1,1,2,1,0,True,,79,holiday,1,0,faculty,laptop,holiday,90.56,199.19,34.36,62.23,0.285,0.907,472.79,148.69,0.228,0.395
user_fd9c6fd1a225,undergraduate,mobile,0,0,3,2,3,True,,117,regular_term,1,2,graduate,desktop,regular_term,92.37,213.82,57.51,62.97,0.203,0.764,578.99,120.24,0.101,0.553
user_bb4590f9122f,admin,mobile,3,1,0,2,3,True,,79,exam,0,0,research,tablet,exam,98.58,235.41,56.82,62.04,0.247,0.727,555.96,103.99,0.368,0.369
